spanishtop1k,tagalogtop1k,englishtop1k,hiligaynontop1k,bikoltop1k,waraytop1k,ilocanotop1k,cebuanotop1k,kapampangantop1k,pangasinensetop1k,yakantop1k,ivatantop1k,tausugtop1k,yamitop1k,tuwali_ifugaotop1k,masbatenotop1k
_de,ng_,_th,ng_,an_,an_,ti_,ng_,ng_,an_,_si,_ka,in_,_a_,an_,an_
os_,ang,the,_sa,_sa,nga,iti,ang,ing,ay_,si_,an_,iya,o_a,_na,_na
que,_sa,he_,ang,_na,_ng,_ti,sa_,ang,_na,an_,_na,an_,na_,nan,_sa
ue_,_na,nd_,ga_,ng_,_ha,_a_,_sa,an_,_to,_pa,_a_,_ma,_na,ya_,na_
de_,sa_,_an,sa_,_ka,ga_,_it,_ka,_ka,_si,ang,a_a,_si,an_,_di,_ka
_y_,_ka,and,_ka,_ni,_hi,_ka,ga_,_na,_ta,in_,_ma,_in,_am,ana,sa_
_qu,_an,_to,nga,_an,han,_ma,an_,at_,_sa,_du,no_,ang,_ka,_ya,_ma
el_,iya,to_,_na,ang,_an,_ke,nga,_in,en_,_ma,o_a,_ka,_ma,_da,_an
los,_si,_yo,_ng,na_,_ka,agi,_an,g_m,_ma,iye,na_,sin,ng_,di_,_si
_en,at_,you,_si,_ma,ha_,_da,iya,_ma,tan,_ka,do_,_ni,do_,_hi,san
_el,_ng,d_t,_ma,_si,_na,ada,_ma,_ki,d_s,ne_,_o_,niy,_do,n_d,_pa
es_,g_m,_hi,_an,sa_,iya,an_,_ng,kin,_a_,iya,a_n,_na,_ta,_ka,iya
_lo,_ma,ed_,a_s,iya,a_h,git,_na,a_k,ed_,_me,_do,_ha,so_,ang,a_n
_di,ay_,_he,nag,nin,gan,nga,_si,ung,_ed,me_,aya,ya_,no_,ay_,a_s
_a_,_at,_of,san,in_,_ma,dag,on_,_at,nen,hin,_si,nga,ang,ada,ya_
_la,ga_,ing,an_,n_s,n_n,ana,a_m,na_,ray,uk_,_no,_pa,am_,_an,ga_
as_,na_,of_,ag_,n_n,on_,ang,ug_,ala,ara,ain,a_d,man,_o_,on_,on_
_es,ina,is_,on_,ga_,hin,a_a,_ug,g_a,_ka,duk,a_s,n_m,_ni,_ma,n_n
",_y",",_a",e_t,mga,n_m,_pa,na_,a_s,ana,na_,ye_,o_k,ng_,a_n,_ta,nag
do_,ala,en_,_mg,a_s,a_n,_na,a_k,_la,ang,"n,_",_ni,"a,_",ana,dan,a_m
"s,_",a_k,ll_,la_,ind,mga,_ng,g_m,_ya,man,_iy,_da,_hi,_no,ah_,mga
s_d,ani,_wi,a_i,sin,_mg,ni_,_pa,nan,ika,nin,_di,ha_,o_n,un_,_mg
_co,kan,_wh,ala,ina,ya_,_ni,kan,_pa,_la,han,_as,ga_,_so,hi_,_ni
_Y_,ila,at_,a_m,nag,in_,ga_,_ni,g_k,n_a,ina,ya_,a_s,o_t,n_n,ag_
ndo,_mg,e_w,_pa,a_n,n_m,_pa,mga,la_,et_,n._,_am,a_i,_si,_mu,n_m
"o,_",mga,_be,a_n,mga,a_i,a_n,_mg,_ni,ala,we_,as_,n_h,a_a,nad,a_a
no_,niy,her,kag,_mg,ang,et_,ya_,nin,_da,aka,a_m,n_s,_da,n_h,n_s
en_,_ni,re_,aga,kan,o_h,da_,ila,ya_,ad_,_ba,aka,_ta,a_t,n_m,a_k
est,a_n,_sa,g_m,ong,ay_,en_,ong,lan,sik,uwa,ata,a_k,nga,_ke,ay_
_se,an_,ou_,_gi,ya_,a_a,ken,ing,a_n,_ya,ng_,apa,ila,a_m,da_,a_i
la_,a_a,er_,ing,_pa,n_h,kad,ala,ari,_pa,n_s,am_,ban,tao,tag,ara
_le,a_s,_ha,ay_,a_a,a_m,aka,ana,_di,ana,e_s,ia_,hi_,o_k,a_n,o_s
._Y,y_,ng_,a_a,_ta,_ni,a_t,a_n,man,on_,ban,n_n,a_m,n_n,ina,kag
e_e,nga,n_t,a_k,aka,ira,i_a,la_,_a_,_in,_Is,_pa,iyu,ing,kan,od_
e_l,_pa,him,iya,ara,_iy,a_k,a_a,rin,so_,i_I,_ta,n_k,ao_,man,ni_
ra_,t_s,_in,ila,_da,n_i,_ta,ay_,_da,_so,Isa,en_,amu,man,ot_,_gi
_ha,ing,hat,o_s,nda,o_n,ay_,n_s,_ba,"o,_",_we,_so,ung,a_k,na_,o_n
ent,_ay,",_a",gin,sai,ara,pan,_gi,g_p,awa,_sa,a_o,pa_,ay_,agu,aga
ien,ong,ut_,o_n,n_k,ra_,a_i,_mi,kar,_ra,nga,_sa,a_n,da_,nga,gin
e_d,nan,_no,n_s,a_k,iri,i_J,ani,tan,aka,_ne,sia,un_,en_,_ha,nda
o_d,g_s,as_,_ni,man,ana,ket,n_n,aka,oy_,n_d,ta_,mu_,_ji,_ot,aka
ado,g_k,e_s,mo_,a_m,aka,man,o_s,din,n_t,_aa,ara,kan,ara,ke_,mo_
_no,apa,ere,n_n,ni_,ng_,nna,ngo,a_i,y_a,in.,ang,tau,a_d,_Je,sin
_po,abi,",_""",ya_,ing,ata,aga,pag,yu_,_Je,siy,so_,na_,ta_,n_a,ind
on_,ata,o_t,sil,nga,mo_,nan,tan,kan,sus,aha,ana,n_n,a_s,ali,man
end,_At,or_,_in,i_J,ni_,_Je,ako,_me,to_,"e,_",o_n,la_,o_m,aka,ang
ier,At_,his,g_i,ako,n_p,_sa,od_,kay,ya_,"in,",o_m,u_i,_ra,ata,n_k
o_e,t_n,t_t,g_s,aga,n_k,"a,_",_ta,gan,Jes,e_m,da_,_sa,ani,Jes,_iy
_pa,nag,ill,ni_,ala,pag,sus,a_t,u_k,esu,ya_,ava,aka,ran,yu_,da_
le_,lan,in_,g_n,gan,a_k,_ag,a_p,n_n,n_n,_ta,sa_,_da,iri,esu,a_p
s_e,n_n,ve_,_ta,yan,ako,una,pan,g_b,ama,_in,o_d,siy,ni_,sus,ina
_ma,"a,_",ey_,a_p,asi,n_a,Jes,iin,_mi,nan,gan,nio,a_h,_Am,n_t,ata
_su,ya_,not,_iy,on_,a_t,esu,nan,ayu,sar,ku_,n_d,_ba,rin,nah,_ta
ero,aga,e_a,sin,_Je,ing,nag,ni_,g_t,_an,amb,n_a,han,yan,n_k,ana
con,pag,_on,lin,sus,gin,nak,lan,_ta,_ne,ai_,ra_,_am,nyo,in_,ako
"a,_",sin,hey,ako,n_a,nag,ina,usa,_Je,ng_,wa_,ay_,Īsa,ya_,us_,pag
re_,y_n,on_,a_t,Jes,",_n",a_m,_Je,nga,a_t,e_k,_an,_Īs,_to,at_,n_a
ron,man,tha,aka,esu,_ak,i_p,siy,_ku,ak_,mag,o_s,aun,yo_,day,_di
_al,asa,_fo,ags,_as,sus,no_,ini,sus,n_s,nen,a_k,sa_,si_,_in,amo
ijo,a_i,for,_ba,dan,hiy,n_a,han,_ke,a_a,",_""",ira,aga,_pa,ng_,i_s
a_l,g_i,s_a,pag,o_n,to_,a._,a_i,yan,ira,nde,man,_la,a_o,iya,apa
e_a,aki,es_,kon,o_s,kon,ak_,g_k,ata,n_m,sa_,ina,iba,_Ma,en_,n_i
an_,._A,"d,_",amo,abi,tan,apa,g_s,esu,aga,e_a,s_k,a._,aka,ida,_in
e_s,a'y,me_,mag,ay_,amo,yo_,sus,Jes,ag_,kaa,o_p,a_t,ira,kay,yo_
"os,",yan,hen,_ak,o_a,"a,_",ayo,o_n,"a,_",_ag,pai,kap,au_,_ny,ayu,i_n
n_e,siy,_wa,man,ini,_Je,i_k,Jes,ama,ey_,ini,io_,ata,i_Y,nay,os_
sta,ags,"m,_",od_,ko_,g_h,o_a,esu,abi,a_s,aam,kan,nil,n_a,_pa,o_k
s._,nil,aid,sia,siy,na_,kay,g_n,ara,kay,ahi,_ko,awa,kan,_ad,to_
por,ama,ave,ata,",_""",Jes,dak,i_J,g_s,"a,_",aa_,nga,yu_,a._,diy,aba
tro,_ba,ot_,_Je,g_n,esu,i_m,_di,us_,_di,nan,mo_,ku_,ake,mun,siy
te_,"o,_",wil,a_g,i_n,hi_,ala,dto,asa,eng,nne,o_t,ara,_Ye,a_y,niy
a_d,aka,e_o,"a,_",amo,ini,n_n,niy,ina,n_i,e_d,i_J,n_p,nir,a._,li_
se_,ali,sai,ili,a_p,dto,asa,nag,aya,aba,a_s,ni_,aya,_ya,adi,_ak
and,ana,hem,a_b,da_,_ta,kua,n_k,eng,ali,ala,s_a,aba,_jy,pu_,sab
o:_,a_m,one,yo_,ndo,iyo,ann,to_,ita,uan,n_m,_Je,n_i,pan,_yu,_Je
res,g_a,d_h,Jes,si_,_gi,ta_,nak,a._,a_n,uha,nak,_ku,jya,"y_""",o_a
s_l,"n,_",_we,esu,sak,i_J,n_t,a_u,g_d,",_""",_ga,_ay,yan,Yes,dah,sus
_vi,t_,_a_,sus,g_m,od_,i_n,aka,_sa,may,ata,o_o,mag,o._,gun,ala
o_a,gka,s_t,i_J,gad,_ba,aya,ayo,inu,nga,_Pa,ato,ta_,eso,Apu,n_p
s_p,agk,id_,tan,ot_,ala,inu,man,a_a,ina,_la,n_s,_ib,ra_,ak_,",_"""
dij,in_,who,bal,asa,kam,i_t,yan,_mu,yan,ani,awo,a_d,sir,gan,i_J
or_,ayo,se_,g_a,tan,i_n,a_d,gon,a_m,_yo,_bi,Jes,ani,to_,_Di,Jes
dos,a't,_is,",_""",kam,_di,ami,g_a,nak,_ir,tan,esu,i_Ī,ma_,ulu,esu
nto,nyo,e_h,ana,mag,rin,_ad,",_""",a_l,ayo,a_m,ano,n_t,ji_,_Ap,ko_
era,ari,The,aba,a_d,_in,_ba,_ba,n_k,o._,_Ma,sus,wa_,aci,pan,asa
s_c,la_,thi,nyo,g_s,",_""",to_,ata,g_J,ngg,man,taw,g_n,ong,n_y,ta_
_to,g_p,"s,_",ia_,niy,kan,di_,g_i,apa,in_,",_p",ari,tan,mey,lan,ayo
_mu,iny,".""_",ina,"o,_",ags,aba,na_,ku_,pan,e_p,ahe,ud_,_ko,a_m,nak
;_y,aha,ne_,agp,han,ina,o_t,kam,pan,a_m,aan,a_p,asa,ano,".""_",aya
_un,o_a,_Je,ini,"a,_",niy,o_k,g_g,ban,ale,_ku,",_""",n_b,o_d,n_i,in_
cie,g_n,_Th,gpa,ta_,a_b,awa,ko_,da_,ata,_pi,a._,pag,ata,a_a,lan
"e,_",hin,"e,_",taw,aro,man,nun,o_k,ali,n_J,i_s,"a,_",_Na,ala,te_,a_t
s_s,uma,_I_,ali,ad_,_ti,ara,ka_,_al,inm,aku,ri_,sab,Man,uwa,ama
al_,awa,d_a,iny,a_t,sir,us_,mo_,g_i,kua,nak,nan,tu_,aha,han,mag
dic,pan,f_t,",_k",ags,awo,day,si_,bat,od_,ari,ake,nan,mo_,ios,nga
bre,mag,_co,awo,ata,inm,i_s,amo,tun,aya,am_,par,n_d,"am,",Dio,abi
e_h,_ak,e_c,apa,aiy,nan,toy,us_,aki,_ba,".""_",a_t,aw_,n_d,dak,ali
par,yon,_do,ka_,aha,hir,em_,taw,g_l,n_d,kan,awa,_di,wan,wan,dto
_si,",_n",_it,o_a,_Na,"n,_",i_d,a_b,tin,bal,u_s,kav,uha,"m,_",uh_,iyo
lo_,bi_,ent,si_,a_i,"o,_",i_b,ili,_ne,kat,agu,in_,"Na,",o_j,u_D,tan
_Je,ito,o_h,us_,sab,taw,_in,ag_,_e_,",_t",ama,vat,",_""",ko_,hiy,han
_sa,o_s,th_,d_s,ada,ko_,san,_iy,n_d,lan,_de,._A,u_m,o_i,iye,d_s
del,i_n,was,ko_,ai_,a_p,ama,nin,ian,too,ana,rin,ab_,n_s,tat,aki
_cu,ndi,ter,isa,ain,at_,gan,awo,bal,ato,i_m,pan,aku,nan,n_J,kay
o._,_la,an_,g_k,mo_,aba,._N,_ak,ta_,ant,_da,ko_,a_p,i_A,_bo,a_g
_él,san,us_,kam,ki_,adt,ata,_ki,mak,yo_,e_b,_mo,kam,gay,e_h,kam
_te,di_,_ca,o_k,lag,yo_,ita,a_g,eka,san,._P,dia,u_k,",_""",ta_,ro_
s_a,n_a,_ma,i_n,_in,d_h,kan,g_p,iba,at_,un_,tan,ay_,apa,os_,ili
aba,_in,_se,imo,_ba,mat,may,li_,alu,ta_,bi_,cha,_mu,Ama,ngi,a_d
_ve,on_,our,ulo,aya,_Na,uan,ali,a_d,gga,de_,".""_",_Tu,o_p,_mi,si_
otr,t_a,ho_,ta_,o_k,_ko,aki,kon,n_a,o_a,_Tu,_As,"u,_",g_a,ung,apo
n_l,nab,it_,i_s,abo,aw_,apu,kin,_i_,us_,gge,ro_,_tu,_me,a_k,nan
ros,_ta,ith,t_s,og_,t_h,aan,sil,aba,ari,tin,mak,"ya,",pey,_te,taw
a_s,n_s,om_,kay,nan,nak,_di,imo,ani,y_m,n_p,os_,_du,i_n,ama,aha
y_l,isa,esu,ama,apa,i_h,a_p,"a,_",_yu,asa,e_n,_ya,ayn,._M,did,_la
s_q,kin,r_t,s_n,_Ka,_la,ayt,aha,nya,y_t,_pe,di_,ari,nak,e_d,ra_
_re,gay,Jes,"o,_",ka_,_bu,_si,adt,ad_,a_r,ew_,aw_,nag,o_o,ipa,g_s
nte,aba,sus,ayo,ana,mag,_ki,ita,it_,gan,ine,yan,day,".""_",_tu,ags
ara,_hi,are,_il,_ak,ri_,nto,gan,t_n,apa,ali,to_,Tuh,o_s,t_k,_ba
",_d",han,_me,pan,awo,us_,_id,ta_,anu,o_t,pan,avo,u_s,g_s,aba,ani
a_e,a_p,_di,lan,i_s,di_,dda,_us,ne_,_In,ind,pay,_bi,ken,apu,g_n
e_c,yo_,t_a,ndi,n_p,o_a,ng_,nyo,nen,_on,Tuh,aha,law,a_j,uma,".""_"
_pr,g_t,ome,bat,"n,_",-an,tan,n_a,lin,sak,guw,va_,ali,tan,a_i,ita
e_t,aya,_al,di_,g_k,awa,tao,iny,tau,ake,_Sa,asa,a_l,g_n,i_k,a_b
Jes,gan,",_t",n_k,os_,n_t,o_i,yo_,sab,kar,sab,s_n,"n,_",_an,ila,a._
esú,kay,_re,aha,_ko,_ir,kin,g_t,u_n,_am,gai,As_,yn_,yak,kal,o_m
sús,gsi,t_h,"n,_",do_,ato,enk,o_a,i_n,_ni,i_k,ian,ala,mac,wad,"a,_"
las,ara,wer,g_p,taw,n_b,"o,_",ahi,t_k,nto,asa,us_,_ya,ipa,itu,kon
les,ind,_so,nak,us_,imo,gem,ama,kek,ane,e_t,may,nak,asa,._H,ero
hab,ita,eve,o_m,dai,ot_,ung,n_u,ila,si_,mba,hen,ana,kap,od_,at_
_mi,tin,e_f,gsi,Nag,gad,na.,ung,aga,lay,pin,dir,a_b,._A,tud,mat
ía_,_da,out,wo_,aba,nma,lan,_mo,_Ka,sia,uwe,dan,_su,ten,pun,_Pa
a_m,nak,wit,ung,pag,aki,ari,aw_,ak_,"n,_","a,_",gay,amb,m_m,ini,ng_
o_l,ung,ear,to_,ban,a._,o_n,asa,mu_,nma,jar,wo_,bay,ate,_wa,ung
to_,gin,all,g_t,n_d,",_k",",_""",sul,u._,y_k,_ni,kay,a_a,ri_,un-,bat
ell,g_b,d_w,_ko,aw_,ali,oy_,n_m,_de,da_,n_b,i_a,n_a,i_a,ong,par
rqu,o_n,ad_,ot_,s_n,ton,_Na,nil,uan,n_k,aya,map,amp,a_r,nal,ini
is_,g_l,be_,aki,aki,san,o._,_ko,"u,_",_ak,n_k,n_k,al_,cir,i_m,_ku
orq,_is,d_s,ind,nab,asa,._I,_la,sal,a_k,a_p,ant,u_n,ina,ol_,atu
_ca,ya',ow_,ngo,lin,tin,mak,a_d,aku,"to,",en_,s_d,ama,_mo,a_o,imo
_fu,uwa,com,nan,lan,s_h,_la,awa,san,a._,and,si_,gka,aza,a_d,us_
o_q,sab,ur_,n_a,a._,_da,n_k,uba,_an,ra_,Man,ka_,_Sa,ori,mu_,_Na
",_q",a_b,im_,ro_,agt,ndi,".""_",a._,u_i,iba,anj,o_v,mpa,n._,n_b,uha
fue,pin,_ar,_An,agk,y_n,",_n",_da,atu,la_,nja,nti,mbu,awa,_im,a_l
o_s,o'y,s_s,mak,i_k,uha,i_i,g_b,t_m,".""_",ri_,aro,n._,_or,a_h,kat
e_m,y_s,t_i,Ang,"s,_",agp,at_,yon,_Ma,_Di,_su,pa_,ula,y_n,tan,_Di
uer,y_m,ver,god,sar,n_d,_am,ot_,kit,nsa,ge_,awr,ayt,ita,-an,s_n
tra,sil,n_h,na_,",_a",ta_,bag,"n,_",met,y_s,ell,nay,",_a",kar,u_y,awo
ces,ini,ay_,at_,"an,",und,sin,nya,_it,n_y,_ak,wri,bab,ima,ala,_da
mbr,nin,nt_,may,uli,"an,",ao_,iha,_ri,isi,em_,chi,yta,mak,ha-,"o,_"
a_c,tan,_wo,wal,ron,uma,kas,aro,lag,mpa,aba,_ar,ya.,gan,kon,ot_
_he,ni_,"im,",_Sa,o._,agt,"._""",ulo,pat,say,_mi,gan,uk_,_ci,ahi,n_g
ino,_it,hav,dto,_ki,a_s,n_d,itu,_In,_ko,isa,nat,kaw,Am_,_ki,as_
ro_,"an,",y_t,a._,".""_",ray,in_,ron,i_k,bat,_ti,ran,g_h,ika,a_t,dil
esp,oon,e_d,ero,li_,gsi,eng,wo_,al_,ung,_am,voy,lan,m_a,udu,sad
su_,ko_,e_b,ton,",_n",ada,nge,n._,etu,let,yaa,_mi,"an,",a_y,uy_,un_
man,ati,oth,ita,apo,aha,nku,mah,n_m,nku,ab_,wan,at_,ro_,aya,aw_
llo,n._,hea,aw_,od_,".""_",",_k",_bu,are,kas,inn,ken,uun,kat,a-o,agk
com,ngi,t_w,_is,ran,n._,gar,g_u,a_r,ing,ngk,y_n,kat,"_M
ka_
_Ta
nim
a_p
map
han
_va
lam
rar
aw_
o_r
ak_
y_a
nao
._T
pa_
nya
iny
_ar
amo
a_i
an.
i_o
._S
eyn
nge
ya.
anc
ama
ngo
m_n
akm
ono
._O
sya
noy
rah
_ip
ci_
_O_
ota
cya
oyo
ahe
aya
_ik
in_
aro
ey_
na.
vaz
yon
san
wak
oma
mya
gen
ao.
m_o
yam
kma
cit
Ta_
eng
zay
y_d
kak
_So
nip
jir
sa_
No_
jin
nci
o_c
So_
o_y
kwa
_sy
yng
ane
kam
cin
ape
ako
_pe
i_m
o_v
ava
to.
g_d
i_d
._N
ami
_as
ato
_ak
_sa
rat
pya
raw
em_
bo_
rwa
nen
nng
akw
imo
ng.
_ng
o,_
_No
tey
wa_
kem
eyk
ai_
en.
k_n
g_j
_Yo
a,_
mav
m_j
apy
abo
ame
_te
yat
pak
rng
irn
ovo
,_t
dan
o.",i_t,kun
",_s","i,_",_as,han,iha,t_n,"na,",o_u,ela,ran,lan,naw,dtu,m_t,aan,_Ka
tod,a._,ath,".""_",ili,apa,ngi,ag-,nun,y_d,e_i,m_n,aha,irs,nom,kit
",_l",_ku,ame,g_g,a_b,it_,yto,aki,n_y,abi,as_,han,u._,rsi,tak,t_s
ntr,ako,e_i,_Na,_ha,ahi,ags,ban,uli,oto,apa,amo,tuu,eyv,mak,agp
cua,i_J,t_o,_la,as_,pak,adi,".""_",e_k,aan,pī_,mna,_mi,n_o,ngu,ano
ant,nas,st_,_wa,an.,_sa,sa_,ina,n._,ila,al_,_vi,._N,gar,_ni,adi
",_p",ka',_fr,id_,mon,gpa,_Di,i_s,iti,kan,i_p,ti_,gaw,men,hod,iha
_ho,i_s,s_w,g_b,pin,Nag,nda,o._,_si,o_n,_ha,ios,ubu,n_j,_um,_ko
_ci,sus,ple,ban,bi_,n_g,a_s,inu,pam,to.,pag,ng_,In_,a_v,aku,ulo
lla,bag,man,ong,n._,ama,n_i,uha,e_n,_pi,e._,n_m,di_,rak,idi,s_s
n_a,gag,_bu,gid,uma,Gin,nia,_ti,_ng,ine,niy,ini,".""_",non,_ba,no_
_so,_Je,red,yon,kai,ka_,uma,nah,",_a",key,ey_,_Di,sil,yya,ok_,awa
_pe,apu,_te,mat,_al,abo,y_a,agp,._I,_mo,i_i,ma_,gan,min,tuw,gka
ido,aan,n_a,n._,gsa,._N,ani,gpa,kal,gaw,ann,Dio,i_n,g_o,",_m",di_
s_h,kun,le_,ahi,n_i,ita,ant,dil,._N,_im,_pī,ey_,awn,eyr,n_A,n_t
_vo,tap,n_o,niy,_ga,s_n,wan,mag,ka_,nak,du_,ako,ina,_in,_Ha,mak
a._,ami,d_b,_tu,t_n,mak,pay,og_,_Di,d_k,_ke,o_i,wn_,arw,u_t,n._
e_p,ibi,s_o,os_,bih,wo_,ays,wal,n_i,lin,a_k,_va,ra_,ngi,imm,may
e_v,lin,ive,agk,ama,o_k,bal,nii,kap,ami,ung,kad,lau,m_i,yan,ag-
a_q,ula,_pr,_im,un_,"s,_",t_n,_Di,_nu,y_p,a_d,ino,u_h,_om,yun,nam
des,ta_,",_s",kit,ato,ngo,idi,_ga,._M,ton,_te,kar,g_s,miz,bal,pos
ere,lal,_de,a_l,g_a,inu,gba,mak,g_n,tot,egg,n_o,an.,oy_,i_p,ad_
_me,ino,g_t,ari,ura,sa_,ysa,ipa,li_,ita,at_,din,_ki,eyy,_ah,_ga
nta,aon,e_m,ati,gka,nah,asi,d_s,utu,no_,._S,o_D,ak_,kal,hid,i_k
jo:,wa',And,atu,_di,_tu,aw_,uta,ti_,"s,_",ga_,ori,uud,g._,ntu,gpa
a_t,_ko,_An,abo,n_t,ngl,ali,-an,nu_,ulo,a_n,kat,hin,yra,mat,_ha
a_p,a_t,had,ag-,n_b,ung,min,ika,s_k,ngi,uma,ngo,apa,yo.,s_a,o._
sto,ili,rom,Nag,s_s,gka,att,an.,in_,bag,mbu,_ak,_pi,_Si,lug,gan
s;_,upa,._T,uta,_ku,kay,tat,kay,e_i,nya,ate,nia,aan,ici,_pu,adt
_pu,"ya,",s_h,lo_,i_t,ag_,i_A,mon,sin,toy,bin,a_y,abu,ito,nil,god
os.,si_,d_i,_bu,_mo,kit,dia,g_d,_Ng,sal,k_m,y_d,yaw,amy,n_p,gay
"n,_",pat,"n,_",nah,._A,hat,add,tin,kat,kin,anu,ach,n_T,asi,ngn,pa_
omb,_bu,ord,n_m,_la,asi,tay,gay,kas,a_p,sin,adi,_Ma,apo,hin,ton
nos,Jes,_go,gan,ag-,a_d,nap,aba,lak,y_i,lai,nge,ing,oya,_ti,d_n
oso,"s,_",ers,nin,san,_su,on_,a_l,pa_,aki,san,ong,awm,ayo,-on,._P
ién,a_l,hin,gka,iri,os_,i_D,_wa,mun,lab,ale,yen,uuk,iya,lin,pak
aqu,esu,"r,_",Gin,ano,dir,tta,abo,i_J,o_r,._M,_pi,da_,yap,_Ka,n_d
._E,_pi,m_t,s_s,ari,a_l,_me,._A,_tu,_ki,ak_,y_a,_wa,kas,ako,gsa
_ti,sal,fro,_Ka,agd,may,kit,mii,u_a,",_a",i_d,api,",_i",m_d,d_d,Gin
mo_,t_i,but,y_n,hul,ian,s._,apa,a_p,_Ka,miy,ama,._S,n_k,u._,y_n
a_a,hat,e_p,ani,ani,usa,met,agk,Nga,sin,"ne,",kam,bun,pat,h_d,kad
ios,_mo,ven,._S,yo_,ika,ram,hat,"n,_",t_s,a_i,apo,_Pa,eyp,_pi,_su
él_,puw,"em,",o._,kak,buh,ida,agh,ran,"an,",ant,m_m,unu,y_s,dam,_am
us_,tao,_ou,gap,ag_,_im,s_k,._U,rel,min,n_a,ani,uwa,i._,pul,_Sa
rá_,it_,y_w,pa_,nas,_Gi,_im,kit,mag,a_l,dem,kak,ita,kon,-ap,asu
str,isi,ght,tag,ibo,agk,t_i,lay,ri_,._I,pat,iak,ngk,key,mma,war
_aq,_ga,les,in_,t_s,la_,o_d,_in,a_y,t_n,k_p,oya,",_s",izi,nat,wo_
ser,t_m,est,_am,kon,aya,pag,_An,awa,mba,ara,ayt,uli,ain,na.,pat
_os,t_k,"t,_",a_d,o_m,bat,lin,ari,._K,g_t,te_,ono,kiy,enn,utt,i_a
ues,to_,_li,ada,kat,g_n,mat,o_m,bia,n_p,kit,sir,isa,ali,uwe,o_p
y_d,kas,ld_,y_s,bag,n-a,iak,ton,api,a_i,mak,ot_,pan,w_n,ing,"s,_"
e_n,tay,em_,int,isi,_ig,ios,bot,an.,_li,ite,wa_,agb,so.,i_n,sur
ici,wal,rea,n-a,par,war,Dio,agt,"s,_",met,us_,es_,ug_,tat,gng,ios
adr,kit,_st,_Si,hay,y_h,ika,gka,g_e,._N,kew,ota,mat,hap,ibo,ato
dre,;_a,ose,anu,tin,an.,dal,nsa,as_,o_s,ami,pak,atu,y._,_ku,an.
onc,"bi,",",_b",_Di,nap,o._,_no,n-a,ula,asi,_na,vah,agp,ap_,y_k,nin
nce,g_d,whe,gsa,_pi,_ki,dan,ha_,g_D,ga_,_pu,asi,biy,nek,ona,"n,_"
s_m,_lu,ate,adt,ram,ran,i_l,_su,t_i,n._,_ng,i_n,_is,ila,bon,yod
jo_,_An,do_,awa,agh,lan,o_m,Ang,lal,y_n,gka,kas,adt,_ap,et_,ada
o_p,sis,e_y,uto,may,no_,t_k,"o,_",ra_,Dio,kal,sin,uku,yka,ad_,ila
dad,lag,e_l,asa,n_g,agb,a_b,bal,nit,ios,"an,",_to,buu,es_,mal,ins
"es,",agp,",_w",pat,_Da,gli,int,i_k,yun,nge,kat,pin,kal,hay,oy_,ka_
",_e",as_,ly_,dal,ulo,_ku,"_""A",_Sa,t_d,o_m,n_i,o._,u_d,isa,gge,kas
_ll,mat,_si,kat,hil,ag-,t_t,tub,nab,g_n,_is,od_,wm_,aml,aga,Dio
aro,ipa,kin,-an,kun,"_N
da_
o_m
kak
ugo
gat
_bi
lin
as_
yan
kat
a_g
tun
lit
pan
._K
yos
Dyo
ulo
_Dy
kin
ad_
n_s
kab
ins
uga
i_a
n_l
ya,
kad
atu
kal
sug
kas
_wa
bot
did
nir
ati
d_n
una
pay
_li
pa_
ba_
n_D
_Sa
_Ma
aga
had
uru
kun
ano
tag
uta
ak_
igi
sum
bal
tik
i_k
n_u
but
god
ayo
o_i
bay
abu
_am
adi
agh
ari
on,
agi
nun
ong
wat
_Pa
gar
inh
aho
_us
sin
us,
kar
g,_
nab
un-
isa
law
gba
n_J
s._
ra,
sal
tay
gtu
y_a
San
g_a
apo
_si
uno
in-
mah
gsu
i_m
_Ju
k_h
was
yaw
par
ngk
yon
n_A
ya.
ngi
bas
upa
inb
gla
_Ha
anh
og_
._H
yag
Kun
g-a
_gu
dla
on.
adl
_Ku
ila
nta
aro
idt
bab
ino
inp
o_p
aan
int
?_",imm,as_,bi_,iad,aki,vin,mak,zin,dat,n_b
da_,ngg,._A,i_k,s_a,_An,gpa,ult,nam,d_a,"ye,",raw,ham,pac,abu,uga
ste,_Sa,use,ios,ahi,ani,gsa,os_,s._,mak,yan,_Am,_In,_mi,pat,uan
o;_,_ib,d_o,agh,ali,dam,agt,san,ati,_bi,u_i,non,",_l",o_Y,-in,bi_
y_e,mak,r_a,agt,g_i,ban,agb,sab,ios,apo,aga,"ia,",_ak,mam,u_n,hal
ta_,may,",_h",no_,._N,go_,aen,ios,ili,n_e,kas,_Ma,uma,law,_am,pan
o_t,s_n,m_a,pam,i_a,nha,da.,Dio,Dio,wan,kah,_om,uga,vah,id_,uru
ará,o._,say,Dio,nak,iba,ten,_Un,_ti,lap,den,dim,li_,ili,din,t_n
a_v,aw_,wor,gas,pan,_Ka,ipa,ato,iwa,apu,nun,ich,ini,mar,ale,usa
cho,nam,od_,asi,"us,",ahu,iay,i_n,_pi,i_J,ut_,oh_,tay,d_n,aly,ati
sot,kap,_ho,_su,An_,gud,ing,_un,ap_,_Ma,lum,isi,miy,da.,g_n,yan
o_c,big,_lo,"g,_",_gi,gto,gap,_Si,ipa,",_i",en.,a_i,ngu,ay.,gu_,Kay
_ta,gsa,"er,",as_,._K,day,ag_,buh,._A,ian,mon,tah,ima,y_m,gul,ari
l_c,t_p,_So,",_n",_Di,ro_,mba,Uny,lat,ngn,",_s",",_t",kab,own,t_m,nab
ond,ano,_Wh,_bi,inu,Nga,._K,tag,mal,_no,_bu,mia,mar,kad,ey_,sug
un_,_iy,_sh,sug,_hu,mal,y_t,lo_,_bi,ud_,lew,t_d,as_,"a.""",ih_,Nag
ton,_ti,rd_,"_S
d_k
_di
asu
kal
_Ma
la,
ano
_Gi
sul
an,
gal
og_
ato
iba
ngk
ngi
,_s
an.
ara
kad
nil
kab
._A
uno
d_n
_da
bot
,_a
g-a
uha
_ti
him
_Pe
tun
on,
San
aan
ntu
bay
Si_
uga
inh
but
inp
ak_
tin
in-
o_i
sab
ula
ng,
law
lay
i_a
dla
ugo
._N
i,_
abu
k_s
gko
g_D
npa
on.
_Ga
kah
pal
gah
s,_
._K
g_d
_Da
._G
n-o
tay
on-
tuo
,_p
hat
it_
tut
t_n
ri_
ago
t,_
_Ju
per
_lu
mal
wa_
nha
bis
-o_
i_m
adl
ra_
alo
uan
Per
ngg
ya,
s._
gat
ins
Gan
agb
y_m
ubo
dlo
n_i
ran
aya
pak
gab
_du
ad_
lak
n_p
y_J
ino
?_",ayo,"!""_",ka_,mat,s_a,t_a,g_s,"o,_",",_m",go_,y_a,agt
ten,y_i,e._,_pe,"i,_",aup,as_,lti,_ul,and,a_b,abo,sal,adi,hay,agh
uan,kat,s_i,sal,iba,bis,mma,git,mat,._A,Sag,oma,mun,waw,tut,s_k
_Ma,iyo,_He,gsu,bot,_pi,n._,kad,ale,gne,tu_,i_d,san,ipe,d-a,._K
éis,ban,_fi,ha_,_Ma,_ad,_an,ula,_lu,_wa,"n.""",mar,n_l,_Ka,yen,ago
ert,agi,e_g,kas,dum,ili,ili,gad,"an,",wal,agt,m_a,agu,owa,ani,tap
ran,_al,dis,gha,sip,"i,_",mai,_tu,_pe,pud,ka_,ak_,u_a,"_""M",Kan,iri
ndi,_tu,igh,nap,gin,nap,aku,_ar,"na,",a_y,kka,w_a,ndu,at_,ug_,g_m
ió_,rit,_br,kot,ios,._S,"n,_",._S,k_n,er_,k_s,ovo,ahi,ed_,nak,ak_
tar,gal,r_h,om_,a_l,"ng,",s_i,Ug_,a_t,k_n,tey,pia,kit,soy,s_y,_Gi
hom,mal,_my,y_k,agp,tub,uad,gha,",_i",ban,ehi,oyo,u_p,now,nda,idt
eci,sap,see,_ha,daw,iwa,amm,ak_,uma,y_l,n_w,tay,._I,aot,t_d,_bi
pue,sas,s_b,uko,awa,s_a,and,isu,_li,age,_di,say,gpa,y_k,da.,ran
sus,ag_,ain,mon,ro_,_Ng,enn,_il,ika,ima,aak,anm,gad,eyl,e_y,kan
bía,_Si,s._,Day,aku,nas,bat,at_,Iny,_Pa,_ki,go_,mul,i_k,e_n,uno
én_,la',my_,lon,_Si,kah,._A,_bi,upa,iak,ngg,ohe,agt,kaw,i_y,_im
me_,nap,eat,_ag,d_s,ti_,pas,_Ug,ulu,nla,i_a,kma,us_,pas,li_,._N
l_q,y_h,But,lag,Dio,y_m,mid,s_s,lu_,_me,a._,mav,_kā,icy,t_n,amu
tie,a_d,cam,gay,"_N
g_p
_iy
mba
y_n
ngo
hal
d_n
ipu
_mi
a_h
pul
_Pa
_Al
ale
gta
Ala
gab
_du
dis
s._
bos
agi
_ng
hon
nah
_An
olo
imo
,_m
a_g
am_
rin
oon
mak
aan
rah
_bu
wo_
gon
imb
adi
,_s
bo_
gpa
g_b
it_
ra_
uha
pa_
agu
_Sa
uwa
n_l
gtu
g_t
tub
n_h
kin
sal
n_D
min
rog
agb
agl
at_
oro
kap
ogo
ago
no_
don
oot
kas
mah
,_k
di_
atu
kay
ota
ya,
ngi
_ti
_Ju
._S
ma_
gar
kul
lak
gur
?_",-o_,"s,_",it_,isa,s_e,a_t,oro,ma_,ngn,h_t,_Ma
ech,gpa,"ed,","!""_",s_k,a_u,nka,mao,a_b,alo,._D,daw,ad_,pam,_Ju,_wa
abí,._S,own,nta,lal,gon,saa,isa,ie_,tin,u_k,et_,_bu,vak,Han,_ki
nde,ak_,tho,Sa_,gog,w_h,daw,ags,",_m",el_,an.,saw,tun,_it,kin,_ad
odo,lak,d._,nun,g-a,t_a,gna,t_n,_At,taw,atu,_in,piy,sin,y_m,per
die,sam,ts_,ika,sim,si_,nyo,lin,gad,nap,hat,ayp,agk,olo,n-a,tag
cer,lit,hou,ron,ba_,him,ud_,t_s,aun,ili,peg,oan,nu_,yva,aha,og_
_Di,"to,",ess,par,i_m,om_,",_a",mit,_bu,"_I
dia
n_l
ank
sip
nag
a_b
ink
tod
_A",sal,n._,"la,",ams,mba,abo
"as,",_Da,et_,gaa,._D,w_n,lak,ti_,par,o_y,",_d",_ti,_La,"n.""",i_a,_Pe
qui,no_,ell,tub,tat,ipa,t_a,kas,ini,_Si,a_a,"s,_",d_n,._I,mah,bih
"do,",_Na,"_T
wha
He_
und
ion
ove
_Bu
so_
o_s
ore
y,_
_Go
l_b
rs_
_mo
God
now
ead
m._
ke_
oun
has
_fa
han
y_a
mon
l_t
?_",ham,",_d",ud_,_Ng,Apa,int,any,ihi,_or,asu,od_,y_n,ahi
n_s,nal,s_f,git,_tu,hon,imb,i_a,t_p,y_b,Pai,ola,"sa,",la_,unu,i_m
o_h,an.,ce_,nod,"!""_",npa,ast,"on,",g_y,_ar,ēmo,ya.,pas,lol,ul_,law
_tu,iga,o_y,g_l,dak,"_""K",k_t,gip,nta,mam,Pag,y_s,i_i,eys,ndi,pon
ús_,_di,"id,",o_p,yon,itu,",""_",bag,ami,s._,bay,akm,hul,i_s,g_d,_pe
esc,mo_,s_c,hal,lo_,kia,Nge,nun,"us,",ipa,ane,dis,kun,o_l,bab,isi
tes,k_n,Whe,gba,gha,k_n,",_i",dal,_Pa,pul,uhu,war,u_b,gon,am-,uma
sal,roo,t_b,gtu,ya.,n-o,gda,d_n,l_a,epe,buw,s_s,kai,ray,_Mu,_Ta
vos,ig_,"ng,","_""A",buh,iro,eg_,s_n,au_,a_d,_lu,tin,ān_,i_S,ut_,agi
_En,ahi,",_f",n_g,mar,",_m",ban,atu,pak,lo_,itu,"_A
t_a
bo_
nmo
,_a
a.",ri_,a_c,h_k,kab
n_d,gga,"g,_",alu,kal,"_""A",ito,yod,eki,o_l,kin,roh,gba,po_,kul,gap
_hi,_ha,_le,mad,gib,kap,kab,sal,epa,_ti,bal,"_""A",ahu,Mak,t_a,abu
bra,yo',"ou,",",_'",_bi,nda,nay,ada,usa,_et,ekk,Vat,ain,mso,y_p,_bu
"r,_",wa_,_da,buh,le_,lab,pap,ngi,kib,"us,",n_n,iay,tān,ari,ngo,San
ar_,_pu,d_f,s_k,pot,liw,_Ma,_Ap,yar,amp,kun,hay,atā,kay,nun,him
ven,lah,led,lat,aim,",_'",ura,law,e_m,._S,hut,ipa,usa,li_,una,s._
ene,n_k,d_n,_ku,oma,_pu,yat,_hi,u_m,nda,aah,i_o,Pag,tay,mpa,tay
;_p,n_m,t_y,gda,tuk,ok_,alu,gtu,ngg,_An,_kē,Do_,Lau,kav,_nu,"i,_"
y_a,i_k,_pe,aro,_ib,aru,mo_,hin,t_y,ona,uhi,a_v,may,nit,_Ya,y_s
ano,hay,_la,_ga,y_s,pin,bas,may,u_y,ipu,bu_,rah,kas,ra.,Ya_,mon
ace,",_A",_cr,a_w,_ip,",_h",ane,a_D,lug,_Sa,tee,kaw,",_h",mah,s_d,g-a
",_c",lat,_am,gla,oto,utd,sta,_Gi,t_a,nta,eed,po_,",_n",lim,and,sal
s_t,ato,"u,_",ahu,wan,aon,mmo,g-a,tal,an.,iss,ima,agi,iwa,tin,nas
Dio,ka_,e_r,mba,isa,tdo,k_k,_Ma,lun,anl,ssā,idi,i_m,mal,mai,sto
tad,"la,",int,uon,non,sur,ngb,idt,d_n,bay,on_,_Do,gat,e_a,_at,kap
ían,bin,_at,nat,say,ami,g_k,y_n,s_n,tay,lah,tol,"i,_",et_,n_u,"an,"
na_,",_s",_sp,una,ubo,nmu,g_t,pa_,na.,imp,ed_,_Ju,āku,tom,m-i,yon
ora,gaw,u_w,a_h,ami,lal,ro_,tun,ul_,ate,"sa,",mon,kāk,m_k,._M,g_a
ba_,min,_by,dam,uga,_ga,y_n,god,num,_Ba,pit,any,bat,aji,i_d,",_n"
vie,iba,hos,bon,_hi,mab,"?""_",_im,min,ma_,u_m,aga,_ti,yay,k_k,n_D
ban,ago,y_h,gak,go_,am_,ila,aga,"i,_",wa_,nda,ypa,g_k,ek_,num,sip
Y_l,sum,any,log,"da,",_Am,pak,i_m,abl,lak,ye.,tav,cha,w_a,oha,uta
mas,wan,_kn,nda,lda,aag,i_u,lon,gin,dis,kēm,on_,id_,kab,um_,o_i
er_,par,h_t,gon,Dai,lay,ong,",_m",u_l,"ra,",dam,nar,i_s,._K,Mu_,hay
cos,_Ma,nde,t_k,Kay,bun,aru,agb,bla,ins,adj,_Na,min,_on,wat,tuo
jer,kak,der,nug,ona,pap,apn,gal,nua,lon,bis,oko,sub,nam,ttu,did
cha,dal,u_a,agi,_ar,bin,ngn,s._,_Ju,lit,_hi,imo,_hu,avo,aid,hun
per,_up,y_s,w_s,"_""A",lo_,"da,",ugo,e_y,Bal,i_t,ali,lid,ned,pin,_An
io_,wag,_gr,ti_,d_k,ima,lda,kat,amu,o_i,kuw,nye,isi,ney,ngg,_lu
_ju,pal,o_a,hib,mas,"t,_",nal,_Na,lit,",_n",_an,_Va,ni_,m_y,i_b,_ag
rec,ipi,hil,_pu,pat,uhi,ulo,him,_E_,ar_,awa,it_,taa,_la,nho,bay
tam,mul,ted,"y,_",too,Dir,us.,un-,"la,",naa,e_w,Amn,aki,",_'",_oh,kal
_Po,pas,by_,agd,aho,sak,pno,aya,_ik,_ku,gne,pat,bal,wal,ag_,._S
erd,_ip,ch_,o_b,wa_,uro,adu,in_,pal,eba,u_p,yap,d_s,"n,_",l_d,on.
tu_,g_g,n_w,y_a,tar,n_G,_Ka,did,yap,g_k,i_l,dng,_aw,vat,h_n,_mo
tre,t_h,o_w,agl,ita,"y,_",uro,d_k,g_A,ew_,diy,ray,Sag,ad_,tun,Pak
pre,aro,_ne,_hi,mat,",_a",mag,"_S
ab_
s_m
hi_
_U",ua_,bil,uru,._N,yag,ena,ato,nsa
pul,ot_,_up,upo,._P,nat,sad,ngu,ria,oon,bus,i_s,la.,hen,nud,"us,"
y_s,bab,",_'",pad,t_k,api,ma_,say,",_n",n_b,eng,mah,agd,yah,g_a,d_m
l_p,Dat,ake,a_u,n_K,alo,tap,s_u,_Pe,mo_,olo,ia.,but,ada,ap-,ugo
uno,g_h,s_d,al_,Sin,pat,_su,Sa_,tut,k_e,mat,ayc,_li,lay,._K,gad
ice,s_a,d_y,",_m",har,pod,_,kal,gal,g_y,ing,ych,kah,_Pi,ket,-an
mos,_su,t_s,yan,Dan,mon,pul,"an,",bab,imb,nta,yod,aak,wne,lyo,bot
Por,ad_,ard,_ib,iis,ant,sak,_Ju,wan,ong,i_b,ito,bus,i_P,inh,nap
pon,ram,s_n,bab,ngn,uya,_ga,n_p,adu,ans,ula,not,kar,ypa,n._,ya.
tos,uha,e_n,kau,kah,d_a,nai,lag,ant,t_i,pal,olo,il_,sar,ton,nah
",_n",kar,wn_,-ab,gna,pad,ias,ba_,un_,Ink,"_M
deg
abi
_el
had
ra_
ī_s
sag
nna
ila
_tu
ita
,_m
pe_
nal
tak
tau
lin
wan
bak
pu_
e_l
lam
_Du
_Ya
dan
pas
nku
agk
u,_
sam
agb
sah
_Na
n_t
enn
ubu
amp
lle
inu
alu
duw
_P",s._,._L,oro,p-a,"_N
uod
gsu
_Ju
Per
inp
bal
dla
ipu
los
_tu
una
gar
dis
pul
a_h
gtu
ar_
ba_
kah
d_k
g_k
go_
ma_
Pag
pod
s_a
it_
adl
alu
in-
int
ugu
_pi
lal
upo
ino
._A
hon
npa
kak
agb
mas
kau
inh
n_l
do_
Nan
ya,
tun
_P"
e._,iha,_tr,_Am,",_h",ito,iba,una,uta,lag,lik,key,i_k,way,_Hi,pad
Ent,ain,isc,iri,kaw,",_s",mam,ok_,unt,sam,auh,_ic,gun,lo_,amu,"?""_"
n_m,nig,giv,api,ira,oy_,pat,y_s,eni,pet,asu,gey,u_t,o_S,atu,gat
uel,api,_ch,abi,"mo,",tur,wen,tay,i._,bab,ngi,tor,_ag,ral,n-u,ngo
igo,nat,tel,and,had,agl,_Ju,dlo,kut,n_o,_se,iny,una,vya,nam,An_
erá,kal,son,ok_,sir,asu,mas,_Bu,sak,o_p,gal,._D,ind,kaj,dad,y_k
go_,ika,o_n,._P,pap,_ib,sia,k_s,ud_,pas,nte,tak,bu_,yab,s_n,rit
eño,sip,r_w,lam,gsi,Han,bab,Si_,_su,pal,ili,na.,ant,zan,i_J,ram
l_m,rin,ise,o_g,pas,gi_,ngp,uga,gga,gap,gga,ayo,_lu,cic,imp,aan
dis,lab,"es,",amb,bak,dar,_um,gik,kun,dan,Duk,iri,ntu,mo.,_ga,gas
"to,",y_a,row,pod,ugo,pas,pud,kaw,nti,",_s","en,",sna,pat,gna,a_p,sta
día,y_k,r_s,idt,ino,hit,_Pa,bat,gar,a_o,mal,ipo,",_b","_""N",-un,ngi
_ot,inu,ves,adu,iti,agd,wat,dla,mek,Ag_,ngn,yto,y_n,n_m,don,y_m
_do,yao,s_m,lod,bab,_ya,ins,aay,g_P,_Ju,tah,kom,kak,s_a,bob,gal
tab,"on,",r_o,gam,d_a,g_k,i_P,_ha,may,lad,ten,ame,ran,_Pa,"a,_",dam
a;_,a_h,yin,"ia,",aog,"._""",an.,ao_,ngi,yar,ahu,dwa,uta,as_,y_i,day
amb,_Di,ugh,lap,l_n,haw,isu,"ya,",ntu,par,agp,t_n,_Ya,vot,"u,_",gih
s_v,"yo,",sci,apo,nam,_du,nad,._M,_Me,lam,e_h,_at,uba,Yot,s._,buh
n_c,lib,cip,nab,w_n,pit,a_l,g_l,"o,_",al_,_Pe,._M,g_i,Mey,om_,ist
a_h,i_a,ipl,_mo,_li,nsi,nen,uma,kab,kab,e_g,No_,d_i,_Sa,yay,aho
men,mar,ry_,pun,g_d,"ay,",gka,non,eti,g_a,bab,adw,mab,Mo_,ulo,",_m"
n_p,",_k",een,pit,gda,y-a,Nag,kah,sas,_mi,Yah,rak,nam,ywa,t_h,Tap
ama,_Pa,_ta,kun,ok_,bug,t_d,ya.,una,_ib,nu_,wot,._H,jim,"_K
unt
eke
dih
omn
_bu
mno
lon
_In
._I
kad
_on
ain
ban
yu.
ann
tib
i_i
ud_
u_k
_mo
y_t
inu
ula
_ab
l_a
lut
h_b
g_k
u_h
ugg
a_b
_ug
len
ipu
dum
?_",had
ada,y_p,t_d,"An
lal
a_J
ya.
Kon
la.
har
k_n
kaw
sak
,_g
ay,
_In
yag
paa
kak
._D
ghi
_N",gdi,ruy,gay,",_a",ira,naw,edd,vid,sag,_ab,Ot_,y_a
omo,ios,ee_,_pi,ton,._G,gta,ati,ngk,ano,._B,s_o,l_s,avy,yag,uon
all,nom,bec,lib,o_i,y_k,k_n,yaw,tu_,iy_,",_b",_ip,upa,on_,kab,ban
ó_a,"in,",ds_,gwa,ngg,gda,sun,_ap,pit,"?""_",mam,hap,nsa,gi_,_Ot,pah
osa,Dio,ast,_ya,kad,gko,nte,ota,bie,yon,bey,oha,sam,mas,aki,ing
_Pa,gya,ook,oy_,_lu,gbu,agn,sam,uk_,d_p,nbi,nam,imu,m_s,g_h,maa
s_y,:_a,ir_,._M,om_,upo,din,g_J,d_k,nka,ap_,"us,",._P,_Me,isi,ian
ñor,git,ht_,maa,ade,tut,map,Bus,_Sa,nat,n_l,vo_,aru,om_,k_a,la_
obr,ma_,n_i,hi_,Kan,a_J,_pi,iad,i_a,eg_,ta_,eh_,n_Ī,m_p,bun,ipa
o_o,lam,e_e,Ind,ila,gah,_ar,i_u,_ra,",_b",u_d,pol,har,kom,Jud,gah
itu,os_,wen,apu,"_""M",tap,_bu,tuo,am_,iri,kau,ayv,lik,tor,_ib,o_g
s_o,l_s,_ev,s_a,rak,raw,pu_,api,iny,._K,gad,omn,ghu,ot_,udo,are
ué_,._D,chi,"us,",gya,ay-,"_k
,_m
ia_
_Ki
_ku
g_n
os_
gga
lo_
gin
_bi
agd
agu
ide
ngg
Kin
oma
lal
_aw
sao
iag
dua
agk
s_t
_du
_Sa
oan
_is
g_i
sur
ati
gng
id_
ona
Idi
_Si
naw
kun
ino
d_t
ano
ian
pal
nsu
sum
!_",_Pa,abu,ani,min,k_n,hil,zwa,mon,"_""N"
ad_,_mu,_ki,ugi,ngy,nhi,_In,"?""_",l_k,tak,i_n,s_m,ul_,_Ya,h_p,wa_
",_a",agb,rou,aay,yar,maa,_It,adl,e_a,o_k,tag,nir,yad,mon,pho,hap
ont,lum,_ab,uma,ri_,op_,gtu,dag,mil,t_t,pun,hak,_an,yas,dis,g_g
spo,noo,way,"at,",ald,Pag,s_a,aho,bin,nep,nuh,pap,_Ha,kes,t_i,dan
vin,ap_,rit,tap,Kun,dia,agp,y_m,dam,kal,lat,aho,sa.,eka,ate,ho_
ulo,ulo,hei,Ama,to_,",_b",kaa,"la,",wa_,_al,kam,and,agh,k_d,._N,nat
dec,"g,_",eir,"_""M",bin,m_h,ua_,nia,nal,s_t,iha,nap,sar,gai,_ud,ras
_Se,kai,"_A
ile
o_b
kno
lle
._W
_W",kap,t_a,bar,Iti,a_h,_On,lal,li_,asn,ut_,tov,sip,kin
bié,ihi,w_t,Jud,rat,isi,aon,ma_,One,pam,"am,",ayn,_un,k_a,los,ti_
o_m,_hu,_or,g_A,e_s,Ama,_Id,y_k,one,o_e,pay,men,"_N
Sak
alu
usu
pay
ray
._M
duu
ku,
ili
mas
ura
Yah
i_p
u_y
g_m
yas
mam
a_y
aym
kau
kap
ins
a_w
yu.
ami
abi
rus
a_T
gub
aud
ku.
iha
kum
ngh
d_k
gay
wak
pam
lam
y_s
pak
d_h
kay
ik_
dun
mah
k_n
nta
anj
tag
wan
nya
ich
diy
agg
,_d
t_n
adj
umu
and
it_
,_p
ruu
dug
anu
ihi
ayu
gda
gug
n_u
ika
lim
asi
wal
adl
par
i._
l_n
ipa
_Pi
dla
nja
l_k
b_i
āy_
hud
buk
gga
du_
mal
taw
jar
_Am
_at
un.
nu-
usi
i_a
way
Man
_Ba
nus
n_A
ayr
uru
suk
lug
dja
kur
,_k
bar
yu,
_ad
i_h
ags
nda
yru
ggu
bic
hal
i_d
sul
ktu
lil
nal
Ban
._D
ag_
duw
ānu
akt
iki
t_s
ngg
hiy
-si
sup
gta
pun
hay
?_",p_s,obl,",_k"
ció,oma,_gi,did,",_'",t_k,ray,._N,pas,dal,dja,kwa,k_h,eke,_bi,n_h
mbi,us_,"me,",ant,_it,nsu,sap,aon,g_K,r_e,llu,moa,tin,sal,_Na,rma
mis,kah,im.,uya,"g,_",_lu,y_k,udl,_on,"!""_",Ban,sip,agn,pal,_Ma,uwa
e_f,s_s,day,g._,hin,._M,ipu,bis,s_i,ria,"de,",en.,._B,kac,ad-,ahu
do:,mas,she,pay,;_a,ura,mon,_Mi,i_y,pat,bun,koh,a_u,api,bo_,-o_
._P,"t,_",lea,hin,pon,ind,lud,abu,tul,dad,"m,_",oav,buh,"_""I",wen,aon
Y_e,pap,hes,mas,_to,"na,",k_i,ino,rap,_Am,run,tov,kil,",_a",yon,was
l_d,n;_,_ea,ami,gko,_Bi,"us,",yag,At_,poy,k_d,"_""M",Han,eh_,ati,d_a
_ni,_wa,sen,_ad,Kag,ink,"ta,","!""_",dal,tey,ōng,yok,maa,t_d,nib,sul
l_h,"us,",ood,"Ma
ria
,_i
li_
_li
aho
go_
aku
uhi
ndo
non
gad
Wal
_I",ika,ron,lae,g_h,us.,"i,_",api,ala,k_s,lis,umb,aay
ist,uli,e_S,gul,dto,ubu,n_m,om_,de_,opa,ase,noh,his,.'_,n_P,urm
"re,",_ya,ind,ipa,ao_,Ana,g_a,ibu,itu,nme,"i,_",tom,bāy,mai,yak,rat
isc,a;_,ste,gga,m_n,usu,"_""N",y_a,men,Nen,uku,_ra,naa,_il,n_o,lak
una,pit,tio,Ana,i._,gta,am_,ano,nat,aen,n_h,oay,gi_,Kar,_al,ika
mi_,tot,ans,sad,bod,ghi,den,oon,g_g,gar,lil,avi,aib,oli,gal,ri_
rto,oto,eca,",_t",ado,do_,_pu,gis,sa_,amb,g_k,d_a,sug,mla,iba,paa
_er,atu,g_a,noo,o_d,gma,"an,",sug,mda,_Ne,daa,adn,nna,Ji_,_li,ha_
tas,Ang,_un,ian,won,ra.,ria,uno,._P,_ab,a_l,ada,_bā,t_n,und,und
scí,tal,nto,aut,ant,baw,"yo,",nim,tyu,liw,taw,los,apu,mat,al_,._M
cíp,uno,cau,aon,._M,oon,_Am,"g,_",pil,gay,_at,amn,nas,Yow,ngk,ura
ípu,bas,_ag,bin,y_m,gsa,uga,adu,_Ba,os_,ank,hes,tiy,te_,ano,isa
s:_,din,d_m,Kag,was,Kon,isa,kab,mar,rin,nai,an.,yu-,yli,ibb,o_d
ual,law,y_o,y_i,api,iha,"_""I",lak,ldo,_Ag,_be,g_a,k_k,yai,u_d,y_g
s_n,gad,ask,ayi,log,Jud,dad,s_k,_An,nar,usi,min,_Ka,het,h_J,g_p
aci,bay,eav,i._,"Ma
boo
._",noo,kaw,gut,i_i,gew,ngu,ora,_gu,_wa,non,_Am
r_e,s._,sel,d_a,ak_,"wo,",ek_,pit,liw,._T,egn,ita,u-s,y_j,s_k,._T
ari,una,sti,an-,Ama,pir,_lu,"_""A",ain,pin,hap,pam,maw,say,_ip,aag
ida,g_A,ong,ay.,tak,pos,"y,_",_ub,and,oo_,mab,tos,hun,nik,h_m,a_J
mad,_Ju,sed,way,gba,oan,kar,n_d,lab,pak,ags,hir,"_""I",amn,e_m,_ti
are,lon,gai,iwa,ngk,War,",_s",_Ka,_Nu,mat,u._,yam,kul,i_M,h_a,i._
das,w_n,t_m,ma_,hel,oo_,eny,"s,_",ut_,es_,was,o_J,t_h,moz,tta,_Si
ali,agt,ese,_uk,kdo,bub,ko_,alo,bur,_Na,lak,ria,āti,any,_ap,iba
n._,non,aus,iha,idt,gaw,a_u,._K,dua,nay,k_k,_ch,"u.""",Ko_,lag,eho
nci,gda,cro,kan,ko.,"yo,",ate,i._,wal,iop,_Ba,mat,sad,kme,m_a,gi_
mar,tat,ous,sub,kod,Bin,_al,",_n",os_,awi,ben,"_V
rar
omo
pir
Ma","._""",_Ni,apa,tuk
he_,kaw,._B,ngu,ukd,git,yan,ian,dia,rad,hal,at_,yaa,lal,k_h,tra
_yo,._N,_bo,pas,os.,hun,g._,gla,tus,gel,._N,ane,am_,_li,gol,_ib
der,d_s,no_,yar,g_h,Kay,pin,_ad,_ak,_Ti,_Si,"o.""",sak,Si_,_de,om_
ras,raw,rie,bul,"ko,",tum,Apo,ahu,luk,g_d,tap,wat,i_Y,eyt,u_m,rab
hac,Sin,t._,tum,nat,lod,sal,but,_Mi,as_,ube,iya,gal,hak,"i_""",umu
asa,n:_,ied,"yo,",_Am,e_n,"_I
,_t
._T
ato
k,_
law
_S",_pi,uri,g_m,la_,mac,aas,imi,pak,n-o
rán,but,"_""T",_ik,dag,lak,rud,pas,dan,bun,k_b,pac,",_'",acy,aph,._D
s?_,dak,pro,m_s,pir,",_g",li_,gih,pag,awe,kap,eng,n_w,i_j,gon,lin
yo_,kam,up_,l_s,"o.""",ram,_An,bay,e_r,",_p",abe,ek_,bai,To_,"_""A",Jud
"í,_",mab,rin,g_G,bon,_at,es_,mot,eya,ka_,gta,mas,g_d,"._""",._D,n_J
erm,und,o_o,"o.""","_""K","_""M",bin,gsu,pun,g_e,"?""_",dad,mad,Pan,la_,ukd
lab,_Ka,ins,wat,Aki,"Ma
wa_
rut
ay.
-ad
_Di
nam
o_d
uko
lug
mar
o.",sod,oan,tuk,kap,ne.,ova,ti_,"Mo
pah
ko.
tod
voy
yar
_oy
ncy
akt
eya
Iko
d_d
ep_
_iw
lin
tak
ann
za_
Sat
akz
zon
ivo
ozo
yob
_O",hum,ndi
sin,har,_Ma,"ni,","An
eta
gdu
y_a
_Ak
k_s
i_P
,_t
igd
pad
w_s
ras
n_A
la_
sag
dap
nya
on,
ul_
uta
_so
us.
tao
._H
tol
alu
alo
nta
a_J
aen
_S",way,_Ta,w_s,dak,Inm,m_s,_oy,"mu,",kah,Hay,gha
lam,g_D,"_""I",ilo,nad,aar,u_t,dih,bun,Pan,",_g",oga,dum,alo,l_n,"Na
pir
._"
emo,_bi,abo,_at,",_i",naa,par,ri_,Ing,lik,",_k",nah,"un,",ite,o_y,lo_
e_J,o_k,ked,oan,lon,lib,yo.,kak,ald,i_t,anb,via,uhi,elo,a_w,reh
Señ,ok_,l_y,pon,adu,_Hi,mmu,on.,kak,bin,"_p
ura
lo_
luw
u_b
end
bul
nya
m_m
use
gur
mah
gpa
hāp
eyi
uli
ene
,_","ra,",agl,niz,ble,Kun
_dí,_gi,bou,_ki,uny,os.,"ak,",was,Kay,kel,nam,gar,gsa,los,awa,ghu
sas,naw,ery,nas,iwa,uba,uds,oy_,t_s,gat,gsa,d_n,Bay,yad,lun,os.
e_D,abu,ny_,ris,g_g,ida,dso,hit,a_s,ley,sul,n_t,s_a,lit,y_d,t_k
ás_,a:_,Fat,t_a,g_l,pun,tal,sak,aty,yoy,dal,gat,yat,nar,uta,",_'"
_da,gat,sto,mah,luw,lil,nas,go_,asu,._B,sub,nas,imi,tal,map,ast
ece,mpa,oul,gta,era,uan,",_d",ol_,ru_,"yo,",a_g,m_p,inu,O_m,on.,Niy
abr,umi,r_y,lip,und,t._,"_i
s_n
ted
._S
teg
aip
ak.
gsi
kam
_tu
ald
lay
gak
awe
pad
._D
kap
tna
rit
bay
o_s
nar
Ama
d_i
d_k
_Ap
No_
Add
du_
_Da
sol
dum
kak
bil
aaw
_ay
kka
Saa
m_t
ubo
m_i
ran
k_a
gaw
i,_
uar
bia
tda
est
iri
it_
k._
_N",lat,",_M",sab,",_t",._T,"_""B",y_o,gap,and
_No,"d,_",ned,sun,",_p",a_P,aim,iba,any,t_e,n_T,nin,lat,ago,an.,lug
uie,y_t,nce,usa,gal,._A,kom,sin,asi,y_D,mai,vot,"n.""",nat,h_l,asi
_ac,map,ine,Kay,nar,aye,yaw,aan,_Al,abu,_Da,san,"_S
tum
_Da
hip
!_",it_,"a.""","da,"
stá,a_g,d_d,uli,igi,siy,m_d,hon,eta,"_""S",mas,h_a,_Si,asy,gat,gba
_mí,_ar,f_y,inb,gla,_mo,yta,kap,kam,t_d,map,pav,_as,eyz,_do,ris
_Es,_li,d_c,"_G
iin
yo.
mo,
aag
odl
kar
g-o
pos
pul
day
dak
a.",tot,mam,i_L,g_A,kul,id_,Sam,ed_,yam,yno,mut,ant
án_,ngy,ed.,_Pa,sad,lat,ipe,",_'",_ga,kam,",_n",awn,ūy_,oda,ena,_du
gun,yar,nte,os.,_o_,us.,alp,anh,o_a,ter,",_'",eo_,gku,diy,k_d,tin
Mas,il_,y_b,"._""",ipa,"a.""",itu,ad_,ga_,_ga,nus,nda,w_k,o_P,_e_,ulu
gar,sar,swe,d_m,asu,rag,"a.""",nhi,._O,yam,pak,day,"a.""",von,e-a,bab
;_m,alo,ar_,pah,pos,",_d",lpa,tud,iki,g_i,Niy,pas,ai_,lan,u_a,idi
ala,nar,Lor,s_m,lao,dad,mpa,abi,_ip,gal,ik_,ero,nah,owy,iwa,_us
rit,dat,ten,amu,_id,Jua,geg,uny,pus,lat,yam,ad_,ka_,",_k",imb,k_s
n_t,pa_,e_k,und,ean,_Ba,"_K
Ana
la_
_Ad
ar_
o_p
aso
sar
ngo
_Ti
,_'
all
t_m
sag
daa
nam
nno
end
m_a
sid
ale
sab
saw
m_k
ton
ima
m_n
i_T
g_d
ed_
nat
y._
pen
tro
tak
_D",k_n,g_I,nal,awu,d_d,tūy,mli,mum,"_""M"
"l,_",got,ngs,May,iyo,mau,gma,gda,_Si,pap,pam,van,"In
int
lay
pu_
ati
_dā
mu.
gna
s_n
yau
bi_
hāt
._K
rin
u-u
_N",wen,a_u,bar
dig,kil,oug,ion,id_,hig,rig,pad,uka,"k,_",m_k,ivo,si_,_ey,kol,am_
_tr,pun,f_h,nhi,uno,lik,ris,ngh,t_l,No_,_li,yak,gpu,mwa,git,inu
_El,lil,You,hig,bal,mas,atn,gog,gsa,y_J,abu,os.,_Ki,t_a,ugu,_hi
oda,bah,ble,uba,aot,y_p,naa,._B,ubu,s_a,._K,o_A,"Na
udi
_mā
_Ib
gtū
ymu
mān
lta
s,_
dar
ipu
-un
ja_
ulu
saw
b_s
-ba
uy_
._A
daa
pit
sim
y_k
tab
map
ibu
g_a
_us
unn
say
lup
ghi
Ama
bil
_iy
i_P
ūd_
b_h
umi
dus
gdu
a_g
uny
_Hi
raa
gas
ngs
yar
run
gla
rna
gsu
bul
yun
w_m
_dī
nap
_I",ket,sal,sak
e_q,buh,bel,dog,dig,Hin,y_i,g-i,",_o",ia_,_as,_Ta,bak,van,s_h,s_p
has,ian,_en,dul,pal,nbu,gat,gko,bay,a_e,",_i",tap,",_t",pen,i_h,"o."""
unt,_du,sin,w_n,gsu,i_d,"o.""",mis,ni_,y_y,kur,n_p,_An,"_""A",bba,ngh
lle,li_,als,Jua,sii,din,ise,kaa,ima,day,āku,Jud,aag,Amy,ye_,ado
ego,ant,t_f,udl,nom,An_,agm,apo,mit,way,n_g,k_a,Mar,zya,bul,uba
uch,nah,r_i,gar,ris,ma_,gla,agi,_Ib,sir,le_,"n,_",bin,zi_,it_,"_""K"
rad,go_,ayi,duh,dea,sul,ngt,_pu,_pu,nis,gba,_iy,sum,oko,d_n,ab-
"d,_",amp,aw_,yi_,g._,alu,tur,lam,key,int,i._,_ab,gai,n_r,int,pas
e_é,_il,_pl,uo_,o_p,mad,Jud,la.,lya,nti,p_p,kni,_kī,taw,yuh,uda
cri,bat,ace,igu,bay,duh,_Pi,s_a,",_I",kak,ku.,ap_,n_P,Pit,naa,yag
._M,gak,ust,gi_,dad,"d,_",yon,pat,ket,paa,nnu,m_i,hag,wya,am_,"_""A"
os;,uti,thr,mab,git,g-o,i_r,dun,_ap,lim,un.,had,k_t,_al,._A,ust
ión,mam,n_y,"_""K",gwa,n_T,Ti_,Gin,u_b,ula,hag,ias,kaa,dwa,_it,k_n
a_J,iwa,_Fa,"_""N",abu,nba,sto,_du,ia_,ro_,din,h_n,nab,gom,-ak,ki_
_lu,asi,am_,t._,nal,dak,d_n,n_g,Nun,il_,ma_,",_'",ngi,cik,yuy,s_m
si_,in.,eas,ise,_bo,lon,emp,naa,lap,"da,",",_a",nyi,bih,mne,tok,anu
tan,_ik,art,kaa,ula,._D,"g,_",asu,u_d,Ama,sōn,hah,ūng,O_a,"_""H",adu
",_h",ol_,_fe,gma,May,",_i",lub,uns,"yu,",nsi,"ku,",som,_hā,_Se,oko,noo
ha_,gli,lie,g_h,uba,it-,ao.,ami,_as,mon,g_n,._V,gam,s_s,add,_ng
muc,i_m,bee,goa,Jud,tuo,t_s,uhi,mab,nam,tab,_av,sah,noz,eh_,oy_
o_v,iki,ild,._I,tog,o_t,nta,a_J,uru,",_k",tek,_aw,sus,iko,t_y,"n."""
n_v,Pan,"Wh
y_d
bro
n_s
._I
m_o
sta
_pa
I_a
aga
res
old
uld
n._
ris
nes
ns_
o_d
did
eac
n_m
ari
t_I
_ga
d_g
e.",bil,pak,iki,ake,_at,g_T,mta,ag_,g_n,gu_,kag,mip,pam
?_Y,ya.,oin,Kas,naa,min,inn,-in,kad,"ak,",sā_,wno,unt,omo,gka,mar
ón_,ria,_Jo,i_g,ipi,wo.,sat,hig,tat,sen,lla,ris,nat,azw,as_,es_
quí,taw,ati,ng.,aib,gra,gen,mia,en_,aro,um_,_No,udj,ngw,bay,ami
pro,Sap,per,da_,Hul,uod,akd,"i,_",mas,us.,sar,o_y,wag,ysi,dog,agl
bie,asu,nsw,iso,uan,rat,bon,"ag,",bai,ase,upa,hed,num,mim,_lu,pal
ce_,",_S",_aw,"n.""",kag,gti,gip,ngl,gap,mab,g_p,w_n,api,ob_,tul,lod
",_t",k_s,For,bo_,sas,._P,str,ain,Mak,"o.""",u_t,oy_,g_p,agl,gga,t_a
err,"y,_",tan,ngh,_or,"n.""",ot_,ant,_ad,mal,s_p,gen,tim,syo,udy,ntr
ver,lap,ide,bug,kab,say,isi,_lu,ndi,yo.,gin,ten,guw,ene,dyu,i_p
"ra,",?_A,r_f,lik,oha,d_k,ayd,bin,e._,_Ta,sup,_Si,uan,op_,gip,Did
",_v",mon,ach,a_A,mot,_o_,bao,tab,",_k",",_'",k_t,kto,īta,g_k,_Im,hat
ast,pak,mes,n_d,bae,t-a,tun,pak,ena,y_e,u_n,"ya,",k_m,izp,tuh,_Ni
l_s,ngk,ant,lab,_ik,dap,tin,lab,Ana,meb,_nu,t_s,l._,apw,n_e,"Ma
bil
kaa
ito
mun
Kas
lay
_gu
,_a
._G
dia
Ama
a."
e:_,_Am,awa,liw,Pak,lag,"m,_",gin,nap,am_,sih,Ama,d_m,"_A
lil
_Ik
nes
Sey
cil
os_
zpi
ric
No",_Am,mum
mie,gap,r_m,itu,is_,yo.,bai,nam,g_u,yod,kil,Man,um_,"O_
kao
aga
tok
ino
_To
gat
p_d
eym
_ic
eyc
._J
_my
gwa
ilo
y_r
som
Mam
adw
Cya
iha
_ke
s_n
ike
t_s
Ma",_la,kdo
gra,id_,gre,y._,ise,abi,pam,o_d,pep,buk,nab,y_k,w_p,oka,ni_,ilo
_Re,agd,._H,ida,mad,lao,_ip,maa,tua,Say,ede,kab,arn,ozi,duw,-ab
qué,gta,ies,"_D
aab
rus
Mag
nsu
nsi
i_M
uwa
us.
.'_
kao
i_P
tio
luy
bas
dii
In",ihi,dal,_we,o_p,abe,ela,naa,o_h,yab,i_r,hol,Dil
dor,hil,har,kuh,d_m,;_n,dit,an-,yat,y_o,m_b,ayd,ach,_ay,pap,y_p
eva,Ama,te_,aa_,_Hu,bo_,ok_,"._""",apu,ra.,s_m,_es,t_k,yag,dal,gus
cad,d_n,"h,_",g_u,ola,yak,mi_,gso,u_p,wen,ess,bay,w_n,nom,kat,",_p"
e_o,usa,fte,_Pi,Pag,May,lag,mal,Gin,sum,wal,aso,y_h,ril,ka_,pay
:_S,ko',pla,rit,o;_,tat,any,nta,_ib,ko_,oo_,akw,m_a,keh,gad,wag
l_e,agu,_ba,ayu,ahe,aod,kat,kau,agy,rap,yit,o_r,yma,azi,unh,s_g
sie,igi,tin,_Ko,da.,"mo,",i._,lod,kil,ri_,_Ga,nav,a_Y,b_n,bok,a_A
Pad,mah,efo,dio,"t,_",o_b,ngd,gib,ayb,l_n,_Ni,io.,"au,",eyh,_he,gya
e_r,kik,par,nsa,dar,ain,_ko,agd,yba,d_b,tuh,sal,hau,yta,._T,da.
reg,p_n,me.,ibu,Jua,"_""D",agr,Ama,o._,ont,_le,"An
akt
nad
yta
hin
lan
nen
_ha
_N",lab,ale,amd,nun
sti,uto,s_g,op_,ndi,kau,kai,day,_Gi,ini,dus,poh,"_L
ibi
las
g_b
yak
uka
Tuw
_im
pik
w_i
ngī
was
n_y
a_A
riy
Kit
yap
n_g
Ana
Par
k_p
l_i
tu,
kīt
lin
huk
kad
ba_
kub
t_i
rih
bah
tru
ngl
mik
hat
Pit
rac
d_p
Ba",yow,mda,git
_Ju,uwi,hom,"_""S",_Ta,tia,imp,t_u,ipu,ki_,Peg,ngh,lag,pin,mad,ngy
nad,y_l,er.,"wo,",uka,ris,Jua,ro_,uga,oga,g_i,mot,itr,"_""Y",ahu,pin
iel,g_u,sse,_Wa,ero,_ug,mab,har,._D,gey,ult,pal,g._,"Ya
sic
lik
pwa
o_C
kaz
wa,
d_a
mao
an,
day
_Cy
las
O_n
Mac
yyo
lav
k_s
pi_
g_r
dis
_Ji
nay
cih
oza
nin
no,
nas
had
a_l
omi
bne
Yak
_Na
,_d
y_y
ngk
o_M
_ne
den
isn
o_V
nma
oyn
zak
Nip
_Va
_K",._Y,.'_
nda,"ay,",So_,aug,rit,rit,"ay,",ida,Ibp,pir,lta,rit,"_P
y_i
y_p
k_i
tub
au.
_gi
y,_
pal
īha
i_M
n_B
li-
_Ja
lum
w_s
Kar
_H",_im,i_A,a_u
sab,umu,too,ar_,_Pi,sab,y_d,Wal,bpa,iga,t_s,irw,gbu,anm,eda,_mi
n:_,uan,str,a_D,Sa_,g._,ank,bab,"e,_",d_t,k_n,rwa,"_""M",mow,k_y,yo.
rra,iri,Son,ado,and,ibu,w_t,buo,nia,Man,._H,het,aul,"en,",thi,apu
ánd,",_H",I_t,dad,"bi,",gya,an-,"o.""",ki_,i_n,_Ka,nma,lun,is_,_du,has
o_y,t_t,men,ig_,nug,;_k,_Ag,gi_,_Ta,da.,kuh,tok,"_""A",ote,i_u,g-u
vue,is_,f_G,wag,g-o,kaa,_ib,dap,bag,uk_,yat,yay,ka-,._Y,edi,Par
ris,iti,_mu,wo.,t_m,ob_,ay.,pah,tak,_is,ile,m_v,_al,p_n,mam,sar
cor,l_n,pea,ain,bil,uwa,udn,_Am,t_t,Kat,kab,are,Iba,aoy,op_,bag
sob,",_K",min,tab,"a.""",too,el_,wa_,sul,"t,_",sey,da.,"na,",sna,iy_,_ik
mon,alu,whi,uod,aon,ago,ini,gbu,yab,pia,Mag,lo_,b_k,eyw,os.,ok_
elo,:_s,h_a,sto,naw,"os,",mun,bo_,map,Ana,usa,i_m,tal,kna,ud-,agd
"ro,",aso,ist,dro,tug,rug,":_""",ibo,ilu,gib,nap,omi,gha,aol,ari,dir
abl,",_M",_us,pus,i_M,i_P,las,anu,lub,k_a,kol,yva,l_p,Ori,i_o,nta
No_,uta,"._""",ipo,al_,non,ngu,Jud,ku.,ris,m_p,oho,t_p,_Ko,t_u,pap
_cr,oha,owe,spi,on.,"_B
to,
Ka",t._,gul,yu.,alu,_Ha,"._""",a-b,"ao,",he-,bis
ega,gha,end,udi,pit,Niy,ngk,log,i_m,s_s,k_i,rav,dji,naz,k_n,kar
áis,tak,ons,kil,pah,n_P,tug,_Ba,ras,ni_,sak,m_t,idt,taz,me_,ndo
y_n,_ki,u_h,guo,ipo,nay,"Ma
dno
dam
aes
rag
abi
eta
os.
_il
usa
awi
_M",t_k,ub_,g_s,iki,nit,l_h,"_K
_a.
hes
naw
bwa
zng
lat
osa
,_m
imw
aop
?_",nne,but
lev,toh,",_y",pir,s_m,li_,"o,""",agl,ag_,tal,g_m,ape,yah,nap,alg,tor
_gr,od_,lso,gku,nib,dlo,iyo,_ik,agu,s_n,ahā,nch,aa_,di_,lgo,mal
_Hi,to',t_u,g_T,poo,kao,i_M,a_w,pay,",_l",dun,g_d,s_h,Vad,Wad,rao
ías,pum,de_,Ped,duw,nod,gas,duh,be_,ump,_hā,vak,s_i,_An,d_k,ong
r_l,utu,_po,edr,nod,_Si,_Is,uo_,do_,iwa,bah,las,y_d,ab_,tay,"no,"
rar,tul,ene,uyo,n_o,oli,uda,ghi,ura,ak.,au_,spi,Pan,isi,kaa,dio
_vu,paa,_ri,gir,lat,Par,nsa,lib,k_k,sio,ul_,yo_,"Ma
,_",_Or,ump,m_n
lar,apo,t_c,"d,_",d_d,igu,Pag,._G,isi,Kan,sa.,emp,i_t,waz,ami,udi
tom,ail,ure,was,n_T,ik_,_Im,ins,_ar,ise,_Pi,ioa,hib,kow,gu.,n_u
_na,Ana,ved,"_""G",_am,_Ni,agg,Ana,la.,mun,asi,inc,"gi,",ysa,ika,lag
rda,ulu,_tw,gya,n;_,ghu,._M,_al,i_d,ino,ati,yit,ap_,nih,_ng,"bi,"
"ús,",kag,eed,nwa,kit,a_w,sip,a_G,ko_,_,na_,i_P,"d,_",m._,asa,rus
hij,sok,owd,w_a,_Ku,agn,ki_,asi,te_,pay,s_i,ton,ira,tam,alp,_pr
dol,"e,_",unt,ggi,rus,n_B,s_d,uol,bil,"oo,",ddi,iba,b_m,oyw,lpu,ay.
réi,nta,_pu,ogu,tap,g-u,u_i,tih,n_l,dim,yeh,em_,asī,maw,n_w,api
ami,",_N",nge,"ta,",ubi,ug_,su_,kar,mik,aru,i_T,nya,sīh,s_d,lak,ngk
"ó,_",_am,eop,inu,"_D
_D",lip,ng.,wat,pin,non,i_Y,"n.""",_Su,"_""T",puw,gab
e_y,gba,_Fo,ta.,usa,rta,Nap,lao,lik,aun,hiy,met,k_d,_Mo,ge_,"on,"
lan,ngu,s_l,pab,gay,nar,udi,uan,o_k,bak,se_,ise,_Aw,voo,"u.""",ain
do.,and,beg,bag,nig,dro,_Li,t_a,._S,it_,u_a,_vo,ji_,_ah,ya.,aup
l_l,ugo,ale,rta,-ab,i_g,.'_,iga,t_b,ere,_An,koa,Sim,_iy,a-a,lik
cre,ao_,dow,anw,t._,he_,ngl,nab,k_a,Wal,ke_,mo.,y_m,dep,ku_,lip
eni,lup,iev,"_A
_up
tod
_Ta
eta
dut
taa
ngl
lug
ira
_ut
es_
nam
o_d
map
tia
ghu
tug
imu
ik_
g_P
lul
mo.
-aw
ob_
i_S
nay
tar
lig
n_b
nad
hun
kin
lua
art
uso
o_w
lo,
g_w
na,
haw
_pr
_de
luo
loy
g_K
i_p
Ini
-on
tal
dan
mot
ugm
uti
n_t
ink
_Fa
war
Far
ale
o?",gun,ado,kal,Kon,",_A",Jud,d_s,lia,ahā,ona,y_o,nal
Hij,agh,eli,"Na
ug-
-os
gug
sta
o_t
naw
ose
pro
rop
pet
y_g
gti
ope
seo
dap
laa
-ay
to.
bto
i_t
est
Gi",liw,ubo,ero,ria,o_n,amt,ep_,ho_,bug,kza,dun,w_s
_pi,._K,._S,eo_,rao,"_""P","po,",noo,mon,ut_,in?,ude,sun,hey,pad,yar
ést,ril,opl,ias,las,_Pe,Kas,"_""K",_re,_Pi,ad_,ami,s_s,mra,-oy,g-i
y_c,",_P",h_h,ia.,maa,y._,rus,ngk,ate,mpi,uta,Jua,kud,kai,hap,duh
ade,a_J,y._,lok,"ni,",_Ta,kes,y_u,s_d,n_P,mi_,uan,_Di,teh,y_',g_i
eja,gul,"en,",mi_,are,Bal,num,_am,Jud,dua,el_,og_,"_""T",yvo,le_,aku
ura,dum,o_m,nba,oga,tak,edr,ilo,nda,aw_,amu,_Da,"us,",o_h,gam,dar
n_h,ira,d_p,Kar,ggi,ihi,i_g,ima,",_p",mbu,_he,aye,a_P,idi,iga,mo.
señ,lis,saw,a_G,ask,Ped,tag,a_T,"ta,",pit,i_h,d_s,him,_be,dek,iga
_Si,ris,r._,uoy,m_k,edr,kna,ig_,kua,ite,agd,_Pe,Ha_,awe,ind,ayi
cas,kau,_Lo,saw,ati,aad,Sim,d_a,gul,kod,Han,i_k,_um,d_s,iyu,r_s
edr,ba_,l_n,ubt,Mar,o_g,ais,ngn,_am,nip,bat,An_,_pu,i_p,uk_,",_d"
vid,",_I",dea,tob,amu,.'_,gid,a_A,nau,k._,deh,nov,ans,Akm,ume,gak
rma,uni,ree,gog,aag,mta,akk,sun,_Ki,gen,m._,alo,Mak,anh,dol,a_w
emp,al_,ete,kwa,rar,Mag,_No,mas,amd,ist,dje,nor,bag,nha,l_k,aar
r._,nda,peo,dir,"ng,","An
ntu
_Wa
w_k
y_d
a;_
it,
,_p
nsa
_it
tul
uli
ngt
i_p
goo
ugt
tam
nya
gam
sid
Pa",abs,gsa,gku,nun,lal,Apo,hik,kde,iha,i_g
_an,ri_,n_J,pil,._I,gug,Lin,ngg,une,kaw,m_a,o_l,abb,"na,",i_l,b-a
ens,",_u",oll,Ano,war,y_g,gsu,a_P,u!_,Tin,m_l,sar,gar,_Ci,"_H
o_n
e_t
g_y
m_y
u_o
ris
wal
_id
uda
eya
u_i
lat
kun
ose
n_l
t_t
Ama
s_o
kak
nap
d_a
ado
_no
liw
ita
m_d
og_
won
_Tu
bai
b-a
ik_
es_
maa
_O",gua
jos,o?_,_No,t_m,nay,"_""N",Ket,aye,ags,kai,nge,_ap,gin,bek,e._,al_
_Pe,"k,_",eep,se_,gga,amp,"en,",moa,war,"._""",tuu,"_D
aba
i._
ban
inb
nom
_on
i_S
lib
akn
kah
ndi
Nay
i_M
y_m
Vin
koy
h_s
vay
_ad
o_g
Tay
kon
deo
ep_
s_t
us.
mad
na,
pro
_Pi
eha
maw
Ta_
_pr
hda
m_k
lil
dro
ri.
wag
o_M
_Vi
ist
kov
oka
Mia
o_b
_N","g,_",Tan,ag-,tub
ije,an;,cri,l_n,a;_,"aw,",toa,nas,a!_,l_e,mpa,Ped,t_m,"g.""","_Y
gep
ep_
_Da
hit
nih
_Wa
mme
_hu
_I","os,"
bla,w_a,_if,a_F,_po,Amo,umu,tut,ise,onu,agl,edr,ult,yna,kam,g_d
ome,rap,if_,ku_,e_n,uda,_ru,uli,a;_,ap_,",_h",kes,dal,akn,._O,ise
_és,dah,dom,o!_,i_p,n;_,od_,bun,ral,n_w,gti,poa,ngā,_Ak,e_a,gda
cía,o:_,"_J
_ot
o_i
g_o
I_w
rst
lac
eth
I_h
din
cal
lin
l_o
_cl
rd,
gs_
spe
n_f
ok_
_na
pri
y_c
d_J
phe
ded
's_
u_s
u_t
low
f_a
loo
ish
.'_
lve
che
l_a
es.
_H",hon,"os,","as,",_li,gil,Jua,Ang,m_d,ale,gān,o_w,_Sa,map
pie,"ta,",rai,nal,oso,nki,"t,_",us.,len,uar,Ubu,paw,ru_,ngy,h_i,dap
ult,tun,o_c,lob,kwa,kaw,maa,bah,mam,"_""N",lem,ayl,d_t,eb_,us.,_is
",_m",tum,m_w,n_l,dir,lok,"Na
u_a
mal
sam
rak
anu
atu
nab
gib
dro
atd
Ta_
Kal
i_S
Awa
k_d
n_p
Ani
_Pe
Ped
lon
._P
dna
gbi
_ur
spi
alo
gbu
iga
ao,
gun
bae
,_p
len
agl
dip
to.
ula
pir
yda
rek
aik
bsa
gra
yna
gul
ont
kel
bun
non
rot
tie
idd
Nas
nek
nom
m._
i_E
rat
rab
tul
aam
t_p
Iba
imo
_as
lim
bak
w_a
Ap",os.,o_i,r_n,s_s,tra,īg_,b_a,ma_,luw
cla,y_d,rth,tul,_Ba,Kin,aks,ihi,aly,ndi,ja_,nba,uhu,bot,y_u,kao
o_J,mih,tak,muo,lik,nal,ail,ago,ris,_as,puw,"m,_",lak,aod,yok,",_g"
cen,bal,we_,Taw,Kah,ora,ya_,gma,lam,d_m,de.,Ara,rga,twa,alu,g._
nvi,aal,can,ora,haw,"Di
gha
i_i
rao
_ik
t_i
pon
ria
ni,
_up
w,_
n_M
e,_
i._
n_w
p_h
naw
utu
nhe
ula
i_b
pul
and
ng.
m_n
tal
mi_
Nak
kod
mpo
_Su
gna
-os
got
rah
udi
diy
ug-
mot
aot
_Da
bah
pal
m,_
spi
_La
._T
i_w
tug
gog
map
iga
rab
kag
._I
_K",_ub,lun,gen,._D,ima,ose,_Bi,"Ik
ant
_O",ipe,kaw
_De,o_m,ife,mha,hap,nmi,did,tul,bul,aon,ade,pet,gul,g_p,ant,bas
_Qu,t_d,_af,inl,dro,w_a,ent,ubo,ram,gad,gko,yat,yal,Yel,nab,n_A
ho_,o;_,e_J,_Is,"_S
sur
wo,
edr
rab
n.",po_,tae,Jua,tur,usa,āti,_Mi,i_S,sey,ham,"_""P"
"te,",agl,oke,_Jo,paa,bil,y_l,igu,gat,d_d,pap,esp,giy,dey,t_w,Ana
e;_,t._,itt,mta,ray,amt,puk,ko.,g_G,ike,g_d,m_s,m_b,ype,yaw,gwa
_fa,baw,ske,uho,oan,ero,io_,gto,rus,a_D,.'_,yvi,gli,_ha,ig_,lul
ena,Nan,tim,lit,_Pe,iin,Apa,n_w,",_N",onl,lab,dep,arā,len,a-i,y_d
r_a,sak,lon,hul,i_S,lig,_Ke,",_s",le_,d_i,mis,ok_,_ng,ete,ola,a_P
nes,_Hi,gh_,tok,pod,ugm,_un,"us,",niw,yag,"s,_",lay,gur,goz,min,us.
eng,Hin,til,"_K
aup
os,
tig
hom
Jer
emp
i_A
gil
ot,
aw,
Man
m_n
ibo
ito
bi_
mpl
plo
oga
_ul
w,_
nom
Mar
g-u
a_y
lau
_Ad
m,_
so_
oma
dum
p_s
ko,
_P",Mag,"_G
lia
sar
_aa
e_h
_Ko
it.
ta,
id_
saw
is_
_Ti
sun
,_t
pah
_Ki
na.
kil
lub
hib
nto
taa
ngg
Na",ul_,aag,aut,_gi,Ga_,ar_,dī_,hem,"_""D",y._
ría,lay,wel,agw,lam,_hu,art,gba,_ag,law,_Ub,log,sūn,s_o,mo_,yi_
y_t,ti_,nds,dom,lay,o_l,uno,nuo,ugu,ndo,but,har,sib,tlo,Adi,_Ku
ote,usu,som,gbu,Ped,kwa,ayn,ngt,u_r,d_n,_ub,von,did,_Is,"n,_",nsu
r_d,ngl,il_,io_,Kat,_Pi,"Sa
wda
sub
sim
_Ga
mte
n-a
a:_
gam
al_
men
-an
deg
aw,
uko
lat
ngs
i_N
og_
po_
ink
yen
tar
gal
rsu
akn
lem
ubl
but
_K",ia_,d_y,rum,w_s,isa,ig_,Yam,app,w_n
es.,"ng,",n_b,uda,goo,agm,"w,_",gii,ya.,Dia,_gu,tde,iin,dke,uan,way
a_n,d_a,s_p,eru,dal,"_H
mil
igo
dan
ros
g_m
_mi
i_S
o_s
sas
kop
a_y
i_M
_H",kto,mta,ba_,w_n,"_""P",deh,lap,hza,ath,ory
pad,Jud,ngd,lem,nao,_un,l_a,utu,bud,"y,_",hep,sto,Sab,_Ap,ael,gla
sa_,"as,",gdo,lil,lok,art,lla,Bal,g_S,gin,m_n,ol_,ris,i_I,Jua,muo
san,sik,"ay,",lea,"Da
en_
_K",to.,pun,duo,_ye,ba_,uny,eta,sap,Mad,Dek,",_s"
scr,n?_,tur,nto,"_A
lo,
rop
kot
do,
sam
_do
pay
ibi
ooh
pam
ar_
ilo
y_k
.'_
lug
mo.
sor
es_
m_s
itu
anw
ela
amp
nyo
ng.
nto
nwa
kua
gi_
gbo
an;
_Hi
gir
sog
_P",pam,ikk,nat,._E,ago,suw,etd,tut,o.',y_h,yaw
egu,g._,",_I",u_n,lea,iti,"d,_",ndo,l_n,aak,_bo,h_d,naw,Iya,aat,awu
sí_,an:,sho,amh,lig,bon,lil,t._,dar,ons,gku,gon,pap,kta,g-a,wuh
cia,n_d,m_h,._W,ua_,Taw,pro,pul,ual,bii,bas,vog,"_M
dak
.'_
i_I
liy
āir
kus
git
ta,
gī_
m_s
k._
mi_
dul
dan
put
Pil
s_k
utu
k_b
ta-
dāi
_Bā
dat
Bāy
yay
dim
s._
ian
_l",kin,d_u,_ig
ale,_ri,_su,had,a_o,l_h,n_s,"_A
tum
hib
mil
ra_
pin
tig
_M",mip,anu,dum,ien,"_""K",izn,bad,kil
nie,ik_,tes,dug,din,-on,abu,ise,tad,"Si
aog
lil
_No
nas
asu
_Ga
nin
_du
._M
isa
dil
wae
ger
pen
omb
k_t
ora
t_m
m,_
omp
lib
nyo
_it
loy
gag
Ta_
ig_
iay
os.
paw
,_o
tam
gip
An",Tuw,ism,His,n_p,hul,lab
:_E,kon,put,yaw,hih,ose,_ap,_ku,lig,map,sed,smo,rā_,yse,daa,tum
car,bih,tru,emo,mam,s_k,ser,g._,nuk,ako,yah,_te,_ay,cip,Kon,"_""S"
s_f,ran,dre,_'A,ope,ale,t_l,hul,ias,din,ndu,hey,usū,_po,att,Jua
ndr,ton,l_s,pis,an!,pab,urs,aul,_wa,mau,"_""S",kal,"aw,",nta,gag,uli
oni,lim,may,Adl,igw,uny,dem,awh,"ku,",ola,gub,awy,sas,ihz,rus,bun
env,huw,ss_,anh,w_t,a_S,mad,wha,n_p,pon,"_""T",aw.,nau,Pil,ogo,pit
oma,gun,rep,d._,eng,aop,ibu,"An
and
d_u
gna
_o_
lit
nod
i_P
w_k
o_g
lik
amt
gaw
Dil
aod
lip
uko
Kin
biy
pos
hun
par
_is
pon
n.",uku,_bu,tal,kag,w_h,ins,n_g,_at
"go,",_Ku,Now,lom,omo,a_A,bli,"a.""",imo,i._,a_w,.'_,ngp,don,"_""M",taa
ita,on.,hro,el_,gma,"_""S",gus,"_""S",iri,ame,"Na,",Ang,"w,_",Sim,t_e,_id
y_p,ump,mor,ab-,o_t,bul,_Fa,i_M,agl,is_,uu_,gor,gki,era,_uw,n_P
á_e,pam,"Th
elf
_bl
ime
e_u
hed
yon
med
nin
ice
tra
elv
ect
con
tte
,_i
n_c
how
em.
ou.
on,
_ju
a_s
ful
rop
nti
tre
abl
win
it,
_dr
anc
llo
eak
ssi
m_i
lif
ays
rec
y_m
ge_
g_w
ses
go_
d.",tak,el_,kik,ute,oga,os.,ipe,pad,roa,mpu,an?,p_k,rya
ren,y._,If_,on?,"e,_",loo,i_F,a_B,gka,_Wa,"un,",yna,big,ehn,nit,a_D
más,Kun,nst,dem,mi_,o!_,ngr,ona,nib,y_A,._G,"_""T",i_b,ayy,mmo,_ar
_ec,"ad,",t_n,huk,los,kuh,"ro,",had,uki,Jua,gng,yaw,bbu,"ng,",mod,hil
aco,kad,e_P,_es,bas,"ko,",der,idu,rit,imo,"_""B",sav,a_M,bak,e_o,nod
_ap,itu,uch,tu_,a_D,al_,"An
Far
yaa
a_P
sik
oy,
o?",y_d,is_,s_i,ne-,mis,w_d,"_""S",puh,uro
"or,",gko,bef,Gal,spi,_um,gon,dak,las,_om,tas,kor,mur,_Iy,e_k,imu
rdo,i._,ich,tis,pet,ias,ask,Mag,._T,uko,kne,g_s,"m,_","g,_",t_p,_Da
uda,kol,_sl,hap,uya,aku,seo,-on,ke_,s_y,udi,cho,akd,"so,",o._,n_G
ism,_Ga,rul,tii,ria,hom,aar,rus,Uli,peg,"n?""",niv,lig,gap,Ind,gaa
ecí,a_u,y_f,g-i,lil,nom,rof,ran,_Pi,bi_,s_b,tat,lu_,voz,y_b,pro
pal,bib,vin,bog,"_""I",ngu,ofe,uyo,dap,tat,._A,_ga,"t,_",adk,",_h",ula
und,lip,s_r,dor,got,kot,fet,l_s,_o_,o_o,dar,neh,ubi,nsi,_un,aur
eis,kab,ali,bra,yag,gga,gru,i_p,iku,"g,_",āp_,"am,",d_d,did,_Pi,baw
her,pay,oes,"_""D",_at,agy,so_,",_g",mis,ond,_Su,_An,l_m,wbo,kah,kwa
as.,ngh,fir,y_p,oho,son,_de,Nag,e_p,"_""I",i_P,rab,"ud,","Ko
,_n
Si",omo,i_P
sac,;_s,ega,ile,_Fa,Mar,aib,alu,Par,iny,nas,ndo,aab,yha,abi,_il
hor,rus,ray,tud,ghe,aab,"Si
Sia
buk
en.
awd
aye
sda
lia
o:_
_pr
ron
kde
m_s
ile
gis
sit
aud
ait
uka
aw.
ite
Pan
aas
ael
Mar
rua
u_k
atm
mar
a_g
sas
ado
dio
kda
os,
etd
lug
gag
Di",yo.,_Ul,y_P,ett,_ba,d._,oon,eta,saw
art,t_l,mse,Sim,tag,hal,ard,_Pe,pta,n_S,agi,ate,is_,_(),ga_,amb
ica,gaa,fat,sah,sun,ig_,k_m,unt,edr,ati,da_,add,nar,lov,-a_,uso
sen,ise,_ti,ist,mpa,hih,say,nda,_im,_ip,riy,w_d,iru,zai,aty,May
ueg,lo_,ner,m_k,"ro,",agr,bul,Par,apt,d_l,._T,sng,gti,n_t,tyu,sas
ni_,aho,sea,aul,Taw,g-i,ksi,tug,_Da,_tu,t_d,"No
._P
an,
_it
s_i
his
ra.
Daw
igo
wen
ago
kod
seh
_Sa
ays
s_v
_la
ko.
_Fa
lat
gto
has
haw
a_l
wo.
dda
kte
Far
_lo
okt
tar
ga_
tem
nta
plo
tna
_Pa
ser
erb
rbi
ind
k_d
iva
ado
hit
o_N
_I",m_(,owb,yad,hod
dar,ubu,Joh,"to,",Far,Jer,put,pun,g_M,um_,t_m,nek,_(B,atl,k_t,i_i
ein,to.,ohn,tat,"m,_",emp,ime,_Ta,tas,iro,ddo,li_,itu,wey,lta,lat
El_,hul,_Ph,umo,glu,mit,oda,ulu,ug_,"Ag
t_y
kaa
big
li_
nao
wag
_M","_S
Ana
yai
suk
l_s
tel
hud
s_t
_A",seo,"Tu
kki
lma
gbi
rap
an!
rul
sur
iyā
(Ba
kdi
_P",kte,.'_,_ip
s_r,ro_,ty_,upa,map,kom,nem,i_S,k_d,Sik,"u.""","?""_",pil,h_n,n_M,m_s
o_n,tag,dem,unt,do.,mo.,akt,yut,e_l,ony,nag,_Ti,_ik,yal,ngh,mis
ata,tid,_Pe,"Ko
nti
ni.
Si",idb,roy,Tao,dan,age,yay,yaw,._S,-la,pap,-ad,tar
abe,ngo,e_L,atl,dbi,kig,ad_,n_i,ibu,y_g,am.,m_d,b_a,lya,e_i,spi
rta,",_m",het,Pil,bid,pau,_ik,dro,era,ape,il_,pit,agj,ado,a_J,gur
ne_,hal,rus,i_i,ose,oga,atk,sto,aus,oo.,yu_,rek,Biy,ova,el_,rta
tud,uro,ret,"r,_",gdo,m_k,_Al,tod,t_e,ket,ran,omd,Awr,_Ip,him,to.
ina,_o_,_ov,oo_,"Sa
ret
wo.
kar
mab
seo
ubu
maw
an?
Ano
ist
ias
ngu
boh
gom
g-i
aab
ig_
_de
Ka",osa,ras,lug,Mek,i_l,raa,per,wru,ysy,ha_,ta.
a_r,Sa_,_mi,pin,bat,tob,mpo,haw,tup,l_t,s_n,wyo,l_M,ido,go_,ism
"él,",bun,ern,bau,gig,o;_,uli,Pag,mig,rus,ian,a_r,dis,"ya,","na,",t._
ame,a?_,"!""_",_kw,",_b",log,a_S,Kay,",_d",Ins,g_a,soy,is),war,_Te,aot
o?_,nit,pen,_Te,dol,Aya,_La,mam,_ab,gge,kak,_de,ta.,sao,big,gko
y_v,gon,ade,ony,kaa,tig,nko,naw,pap,ben,hāt,ona,t_a,pit,aam,mah
"lo,",upo,r_d,nka,gti,_Te,l_t,gid,den,und,sse,sic,urg,t_j,bin,"_G
log
tig
ik_
dro
hi_
ose
sog
smo
lib
guo
edr
mab
eta
sun
Ped
pus
gho
_o_
est
kai
non
dad
dal
ima
rug
d_p
mua
dah
d._
bin
mba
ida
nay
uot
iho
n_K
nhu
aab
_D"
erc,ay.,fie,i_b,mid,mpl,mae,Ped,det,_be,taa,yor,nun,yke,yey,Mag
Y_s,"at,",f_M,esp,"_a
emo
agg
i_A
_Ga
na,
_T",plo,tad,edr,sar,"a.""",gun,voh,art,zat,"n.""",an-
usa,ibu,"us,",am_,utu,an-,mre,aot,dro,tag,i_S,"en,",m_K,Tao,i._,wo.
ela,bul,oph,aas,Hin,as.,dis,pil,a?_,aib,kaw,itn,y._,"_""J",boy,dog
ise,tuw,ews,e_k,sto,rus,dim,bul,"t,_",plo,._U,a_e,mba,ime,lig,ga-
:_N,ake,_sc,amt,not,"od,",yag,ta.,suk,gak,u_w,i_A,y_t,sav,das,_Ba
a_u,"m,_",nly,_He,ik_,":_""",w_k,ay.,nge,adn,weh,sen,aw.,Iny,n-i,m_k
aré,la.,goo,des,s_d,"_""I",uso,"_""N",ret,dng,gke,diw,_Al,pad,",_t",_te
",_o",mai,d_l,o?_,wat,aw.,ddu,otu,und,._L,"_N
gam
k_a
_il
._I
bil
y_k
ipu
m_i
l_m
awe
ros
Gai
mek
eg_
akn
web
hun
ise
e_T
t_n
._",hos,y_a,abw,_ko,"Gi
dak
nhi
igw
o_l
ntu
t_m
od.
naw
art
i_M
ipo
yin
inb
War
igo
._I
e_n
bul
gon
ira
_K"
ini,_Ba,urn,gik,iki,huk,wag,ni.,._L,sas,ino,se_,baa,w_s,abo,"_""G"
tá_,"w,_",clo,"_P
got
ima
muy
agg
yad
o!",amb,n?_,aay,g_D,Ped,ain,las,sio,īna,irw,_De,",_t"
mer,_um,ees,b_s,bah,_as,rin,m_s,s_y,"Ma
oob
pag
i_r
wad
nmo
en.
ro,
leg
_On
t_k
em_
kad
kau
oan
_Pe
ron
itu
lem
aab
Par
o_d
t._
dro
_Is
ob_
k_s
o_b
a_P
m_a
edr
ile
a_T
Ped
are
wil
ibi
a_A
l_s
ngo
aay
_N",a_h,ibr,m_k,ben,ney,lun
ia_,;_A,_Sa,ba_,eno,lea,it.,w_n,nut,mpl,l_a,_me,ikk,pon,_ho,har
_bu,"ro,",o_g,r_s,i_i,sam,y_m,-aw,ukl,opi,b_s,hok,k_M,lah,ela,"!""_"
ó_e,?_S,r_b,tip,ghu,nti,_Te,nla,bas,nil,igg,Map,ud.,hah,ked,tul
ce:,ada,two,tah,a_K,rok,mpl,mi_,;_m,_ap,Daa,",""_",wma,yne,dok,gti
ane,bil,w_w,tlo,a_S,en-,plo,._D,sib,len,etr,ila,yug,yao,pai,lap
_Le,_es,_ac,_Ba,ni.,mao,_gu,ik_,tam,wat,tro,el_,uwi,ipi,anu,rop
edi,bub,pir,say,_Is,Tem,_'A,nay,ngu,mar,nes,ond,s_m,kze,pit,ope
a_é,Kay,ren,do_,est,se_,Pin,_Wa,!_M,i_a,_ek,l_a,mug,aik,ses,pet
Y_c,hah,urs,_al,o?_,ake,"ka,",_gu,mi_,oli,ayu,p_d,luu,hng,liy,mad
n_é,hag,ece,Tem,g_A,Nah,"ng,",uot,p_n,ges,rus,Mar,-ha,O_i,e_J,",""_"
y_h,alh,eal,sum,k_n,"oo,",Tem,wo.,bis,ram,iku,lam,May,"to,",bag,pun
hec,aut,"_W
._F
nts
k,_
iri
d_r
_ro
rse
arr
wou
tea
I_",n_w,ony,lem,api,n_b,Din,Sio,wus,iaw,_Rū,o_A,ino,dos
tit,"aw,",ew_,n?_,w_k,bit,w_n,aug,pir,mpo,_,r_a,"ni,",pay,pto,uho
eta,"na,",rig,lis,bol,"_n
mul
iay
_Ad
sah
_Jo
bur
don
ngh
ta.
eru
_S",w_i,"na,",Kau,amu,mpu,ase,rta,se_,ee_,"_S
ni.
ubu
hin
ngs
bad
igu
n_T
r_n
ro,
y,_
pab
iki
o_t
tro
ni,
o_w
ale
alo
o_b
tes
_po
ses
sir
seo
ias
ia_
y_i
rul
Pa"
eña,k_a,s_y,i_E,ahu,_Ga,ibi,lai,nul,rit,saw,ib_,s_d,ese,_Pe,eo_
lad,pon,nam,son,art,Gal,Jer,uwa,p_k,kol,i_M,dar,t._,ta.,_Mo,w_k
esa,gas,wo_,"oo,","to,",ile,_ra,ris,ken,bul,ngs,mpl,ān.,o_I,Mos,lam
uje,"l,_",t_J,ugb,uda,Ha_,wid,a_y,",_E",ten,o_s,eke,_Mā,ycy,k._,nha
:_D,Jua,"_""Y",hil,ung,_ag,bar,g-u,lim,_og,sun,awe,Mān,ave,h_T,gbu
van,ote,wed,ut_,kur,i_t,r_i,.'_,on_,i_s,sai,est,na.,ri.,kut,sod
ede,",_p",irs,Nga,l_s,"o?""",ay-,inh,_Na,pig,i_w,teh,an?,_vo,"Ha
kap
utu
we_
atn
_Ki
wey
d_J
bae
apt
nha
-ih
Hit
Tug
i-e
Imm
dro
amm
nnu
oh_
Ped
edr
Kin
mih
pet
dda
ap_
_K",a_o
_ba,awi,rot,a_I,rih,n_E,way,kao,iya,g_l,_Ja,oli,ni.,Sin,em_,_li
rte,nti,Man,kop,_su,o_u,Isu,",_k",au.,yna,del,o_e,i_J,_is,d_h,"Ka
w_a
luo
uoy
a_B
lia
tug
ng.
glu
tah
d_i
i_S
don
rad
ibo
_hu
Ku"
:_P,bae,"s.""",gdu,ngh,"Ko
Sim
ooy
s_i
daw
o!",sut,hap,m_k,._P,Pet,int,,gli,pih,"_T
Di"
l_t,"ga,",ano,pau,kop,Ano,o!_,"_""P",pen,nab,"e.""",mit,,i_T,_Ta,_Pi
ana,_do,n_p,lad,n!_,w_p,"Ad
nip
_Jo
ine
_s",_hu,"nu,",abe,_um,id_,,gin,"yu,",Mar
dió,tas,hy_,as.,bar,g_i,yab,nap,n?_,_La,umu,bri,,akd,buy,Sa_
_má,t_g,lov,gag,_is,sis,iem,eta,agi,o!_,y_s,rof,,o_N,hal,ria
rib,ist,orl,baw,usu,amb,rar,ora,u?_,eka,l._,ofe,,paz,d_y,Mat
sar,i_S,rld,_ih,bub,aus,ag.,"ni,",",_s",kao,aat,des,,her,ero,Sin
ner,lig,Pet,iga,"_""P",_kw,Day,",_u",kia,nad,kum,s_p,,ikw,a_e,lil
smo,buo,g_h,",_u",_il,gia,ri_,"Ma
g_w
y_p
kuh
goo
_ig
igs
bil
daw
amb
isi
ara
mo.
ipi
y_i
no_
ero
-ay
mib
pal
_li
ail
mid
seo
l_n
Pa",Kan,ayn,apu,May,,vo_,duk,a_K
mul,sun,pre,glu,"y,_",mun,y-a,ndi,._B,",_m",g_t,_se,,yci,g._,gai
lti,nod,ike,,kao,las,_Aw,gya,gyu,y._,it_,ili,,avi,lim,"_"""
._L,ase,w_h,,dem,on?,iku,dio,mib,Ant,"Ba
pik
gel
yal
boh
eey
w_p
asō
bet
_D",ay.,,k._,hdi,Amo
min,eta,l_h,,_pu,_He,oni,apu,ako,_pr,b_m,fet,,niv,m_n,gso
"no,",uon,ept,,wal,a_G,pet,din,e_d,_Im,gsu,l_n,,ioy,l_y,na.
ole,edr,ck_,,dos,_es,rib,uda,tim,",""_",ebi,oso,,O_k,emp,sig
_mo,po_,f_J,,ora,ndo,d_d,kod,um_,pai,e_P,Jer,,Ana,du_,i_d
pri,pus,_hu,,tas,dii,gku,uon,ake,"en,",add,y_o,,yma,lwa,ray
nio,doo,d_u,,aar,nuo,emo,op_,lup,ias,t_i,k_k,,mit,ga-,Taw
_oy,i't,ppe,,r_n,Pil,lea,Sam,ik_,eta,e_u,"s.""",,gam,iho,se_
ter,m_n,ken,,Bak,es_,,udi,gpa,l_a,ehe,ida,,oji,lah,w_p
n;_,os.,"_""L",,"aw,",tu_,,",_d",p_a,_o_,"_""K",eye,,_M,kih,rip
mpl,lub,des,,syo,._W,,k_k,gla,pa_,ayi,nik,,_He,m_h,mam
imo,i_M,g_i,,o_h,wag,,_Ko,re_,"w,_",l_k,m_o,,ose,duh,agr
ose,mba,ws_,,_gu,m_a,,ust,mul,_pu,aas,mpo,,()_,"_M
_gu
mpu
mi_
eyu
lya
_Ti
mab
ulw
,_k
ili
bbu
an-
e_A
alo
_N","_D
ig_
dlo
kod
id_
naa
ais
d,_
nau
io_
rah
Jer
op_
mot
nyo
mpl
ady
k_S
s_d
i_t
s."
mue,ale,ara,,tad,uto,,iri,nie,g._,n?_,ghe,,gka,-ab,hus
_am,a_y,o_l,,gku,esp,,ye_,ye_,"_K
agi
Aki
spi
mi_
mad
nko
ras
oge
rta
_To
bas
in,
Kas
run
rak
pis
ner
era
k_y
biy
seo
ipo
atl
k_l
_bo
kot
rop
api
ker
sto
._O
,_d
udi
dio
ek_
._W
ral
gam
_lo
pro
ta,
ik_
waa
t_l
ey,
kit
agp
.'_
Si_
saw
ot_
ya,
pol
auk
ngk
sil
_su
_K",_im,tad,,aw.,tu_,tur
l_H,win,e_F,,ima,"ro,",,sod,_Ti,"o?""",isi,w._,,wat,ro_,sum
u_m,o_p,cou,,"w,_",huw,,ibi,g_B,d_D,l_p,o_c,,a_w,dim,kus
pos,bak,uth,,_Jo,_Is,,"_M
_Da
mos
rop
pet
bus
ito
_D",Kin,uno,tun,_li,,oo_,"pu,",kuh
ofe,i_P,lat,,ses,paa,,g_M,klu,nte,adi,mni,,tah,nin,"o?"""
a_o,g_P,._N,,k_a,hul,,ghu,iga,kon,lu_,art,,peh,adu,hom
gen,",_h",tor,,tor,,,ope,lua,n_g,Sin,p_n,,tin,"Ma
tal
i-a
bil
u_u
l_h
ubu
ab-
ony
luw
_pr
pro
inn
o_d
bah
_ed
t._
den
ihu
hik
ni-
-en
al-
uyu
_Pa
Hi_
rof
ofe
fet
tas
ng-
-al
ihk
gin
d_m
Ap",bit
_as,_pr,_cu,,pro,,,d_m,est,nde,s_d,epa,,O_p,pal,o_h
u_c,og_,a_p,,Jer,,,ngs,pad,"et,",Me_,va.,,zez,ade,uko
den,_gu,_ge,,bun,,,pap,lil,rip,e_e,"_""S",,Ika,s_t,bo_
muj,y_b,age,,gap,,,gam,pul,olu,dda,ahb,,jyo,lem,kik
cib,lad,ang,,"Ku
dog
a_A
law
osa
_pr
agr
gub
sug
gli
o!_
ski
s;_
nos
waa
udi
o?",,,won,n_s,_ng,gda,"Ta
._I
._K
isn
nol
mor
_Ni
_He
toh
_kw
ent
w_s
ham
_Ar
ras
k_s
owa
o_G
rto
o_F
d_k
ydi
lit
hel
eru
lem
sis
ain
_Jo
or_
usa
awt
w_o
bet
!_",,yoj,-am,nom
noc,luw,rne,,mpl,,,gas,a_e,aal,rai,rus,,jik,t-a,"oo,"
don,loo,;_t,,her,,,lil,u;_,mbi,l_h,mam,,yzi,lap,ko.
l_a,oob,Do_,,ae_,,,gta,upu,ele,usu,tis,,_ti,ial,Ini
nge,hon,fol,,ay.,,,bon,k_y,air,t_p,sta,,lot,"s,_",as.
ma_,spi,p_a,,_Ha,,,kag,ibi,ais,ebl,_Ap,,ays,ria,ode
alg,pir,u_d,,Her,,,spi,"ro,",gaa,blo,t._,,O_t,ia_,emo
dio,rdo,sla,,umu,,,uok,"ra,",lus,dih,lap,,"Ji
oys
eha
ine
Idi
anj
nji
cis
ood
p_j
vey
t_o
i.",h_h,plo
iba,Mag,aft,,e_a,,,o_b,._U,nom,-si,Nia,,Hel,tum,_Ad
_nu,sug,"is,",,ile,,,iay,lis,_Li,ume,y._,,_ba,nya,"Si
loy
lem
dem
tem
emp
wan
_pw
pwe
k_k
y_t
p_s
_ya
_I"
Y_a,t_b,ean,,a_F,,,dao,i_l,loo,m_t,ea_,,,_Ph,kop
mun,kaa,"_B
ity
gan
sid
h_o
lee
al_
sts
tol
war
imo
Wha
iah
sal
scr
re,
lai
t_l
ass
k_t
app
usa
_ow
den
_ra
doe
vil
t_e
a_d
ser
,_o
Pha
Yo",,_Te,,,y._,_Ik,kom,tut,a_c,,,har,uya
ito,ser,lik,,emp,,,_pr,lum,a_g,tne,"_T
h_o
mno
wti
kpe
Ar",,,nta,_kw
ore,"os,",bre,,dah,,,_yu,t._,Sin,wei,"ro,",,,olt,eru
dro,"ma,",n_d,,ham,,,sag,ril,nek,eit,ohd,,,nna,ral
_ce,"it,",hoe,,lem,,,pir,gta,m._,Nam,o_C,,,may,_or
uí_,imu,"rs,",,Pin,,,uka,pet,maw,age,tod,,,akk,ma.
llí,dro,mot,,Gal,,,_ip,Sin,"os,",une,yah,,,Pha,lok
l._,pos,_wr,,plo,,,lis,seo,ind,kub,tog,,,ise,i_A
l_R,erd,ran,,;_d,,,pro,lib,Pin,dil,"io,",,,see,sya
ost,dot,pt_,,;_n,,,tib,n!_,ok_,nah,Tin,,,n_T,lig
cam,buk,oev,,sen,,,b_s,",_l",wit,seo,sit,,,"e,_","ko,"
ord,g_y,rde,,dio,,,aoy,agp,raa,ohe,lea,,,umm,_as
n_q,sta,"o,_",,tal,,,to.,n_b,wes,eha,kri,,,y_y,_Jo
lav,_Pe,sha,,uko,,,gah,?_M,"mo,",nol,Asn,,,gaa,lba
:_Q,Ped,ort,,tro,,,kig,Ati,iw_,n.',yda,,,mbu,iin
pec,gpu,"l,_",,"ki,",,,iti,nub,mas,gbi,ayi,,,"_""T",ony
énd,tis,cei,,gis,,,eo_,d_a,"ng,",ek_,al_,,,guh,lub
uen,ima,goi,,gos,,,i_g,lia,Gal,uba,ged,,,pab,_In
nid,",_i",ase,,Tem,,,o_i,sip,i_k,udj,ask,,,meh,ora
_o_,laa,hol,,tut,,,pam,lut,ol_,gte,tie,,,kop,_de
rof,da_,ors,,aap,,,got,gya,tro,e-s,maa,,,moy,Na_
r_t,int,uly,,eru,,,ugi,gam,git,sek,yot,,,Nga,tal
"an,",yay,ifi,,oy_,,,g_P,unu,_Da,",_l",pah,,,k_m,maw
ir_,tol,lav,,op_,,,iku,ape,gil,"Pa
g_b
ebb
agh
bi,
ā_s
k_g
_Ta
_N",a_M,,,a-u,las
fet,_Fa,mus,,hah,,,mog,",_u",sul,a_T,Sim,,,gi-,"ay,"
_He,saw,h_w,,"ot,",,,Taw,kai,"la,",ape,"i,_",,,in-,lea
rle,gbi,h_m,,_ig,,,anl,pib,ibe,noo,ngd,,,uwo,y_b
:_A,pro,Jew,,"ga,",,,hay,Pek,ren,ti_,hbe,,,._W,dut
inc,rop,_ye,,eo_,,,ayl,spi,mil,k_M,p_s,,,_Ga,Gal
Rei,ope,lor,,mal,,,"y,_",esa,noy,git,_Is,,,but,ghi
gua,pet,dee,,lit,,,nha,pis,Iba,uka,om_,,,at-,run
ca_,uka,ger,,e_k,,,tap,Ala,",_e",di_,d_o,,,imo,_pu
son,taa,eiv,,_kw,,,_as,eli,l_y,ris,ion,,,gay,usg
hal,"ao,",ars,,ta.,,,ias,pro,"l,_",t_k,Pin,,,mid,sga
l_S,uso,mpl,,Sab,,,ugm,ndu,r_t,huk,i_p,,,pay,dyi
vol,Far,ely,,w_a,,,_ra,_il,Lin,wak,_Ga,,,ahd,rak
hos,lik,s_e,,lub,,,hil,eru,!'_,sas,ile,,,boh,sti
do;,dam,fil,,n_P,,,lal,uba,k_i,-la,Mak,,,_Ad,luh
a_g,_Is,hic,,iro,,,aa_,Mar,Too,ano,bi_,,,iun,oo_
cio,wid,f_p,,y._,,,b_k,buk,tul,w_m,vov,,,biy,alb
ono,y_g,r_c,,"_""N",,,iab,",_e","n.""",maa,Gal,,,kod,mi_
_va,sul,"_""H",,uku,,,igo,udi,lut,ndi,n_y,,,gib,tia
leg,daa,ys_,,tum,,,paa,dio,tla,emm,kai,,,oda,tam
_hu,"ak,",ces,,Sim,,,dad,me_,art,Par,tro,,,hko,l_n
ete,._M,inn,,"Ta
Tad
una
rta
_ag
to.
ogm
tis
uru
_In
ral
Pa",,,nal,"ti,",kba,gah,das,,,Mar,bah
n_u,ibo,_Si,,esp,,,yog,_Li,_ik,num,"po,",,,p_h,uto
abi,ni',r_e,,yog,,,ng.,lul,Nan,i_J,e_a,,,tug,iil
blo,seo,wom,,ulu,,,uod,?_N,o?_,Mar,sa.,,,buw,bub
cip,",_B",ng.,,m_a,,,"ay,",mir,ng.,ēna,iem,,,Nah,n_o
r_q,tut,don,,_Ar,,,amp,an?,rew,_Me,pre,,,ahl,el_
_sí,a_r,t_k,,,,,_ay,_pr,ada,dat,Nan,,,hla,abe
oce,yo.,acc,,,,,agm,to_,"ka,",sur,mag,,,usa,tir
ori,gil,d_I,,,,,ale,l._,tua,urg,lak,,,ng.,gra
r_c,dio,o_e,,,,,koa,taw,omu,rga,ner,,,lih,ile
red,sig,l_w,,,,,"_""G",d_i,ole,gtu,Mas,,,tip,usu
e_u,:_d,y_n,,,,,his,rop,ota,_Aw,ode,,,tap,"yo,"
pan,las,a_l,,,,,amu,ope,iya,māk,gwa,,,Dak,",_i"
._A,_as,zed,,,,,"_""U",sam,nmi,ew.,atd,,,ima,uri
ró_,oro,omi,,,,,mbi,rag,aar,aye,h_k,,,ast,nya
nec,nto,nor,,,,,soo,ma_,a_w,ohi,ha_,,,m_k,"mo,"
Jua,too,gav,,,,,Mar,amp,tom,ngd,_pe,,,hhu,pre
o_f,sto,o_f,,,,,es_,tub,nli,"n,""",dek,,,Jer,upa
iud,aas,Who,,,,,_Pi,ge_,ur_,nil,dor,,,kai,tii
De_,i_b,ink,,,,,y_g,E_k,gpa,mul,"Si
Si_
osa
_ng
ngt
rap
sti
moh
res
ati
o_f
Pil
aym
aat
_po
ayr
hoa
yab
_Es
Her
rod
sol
mi_
dom
pen
os,
_P",,,guy,tuy
spí,ga',eet,,,,,y_t,e_b,mao,bar,pad,,,kas,
sol,_Hu,fin,,,,,gug,pab,"ew,",gde,i_E,,,igu,
a_f,"ig,",fou,,,,,",_p",ump,or_,"Tu
ada
k_l
nis
uyu
ud_
lel
agn
agm
Pan
mme
a_e
bi.
_sō
u_l
w_i
seb
Dam
gki
do_
b_p
-bi
aik
pah
ake
wai
u_h
Sab
,_A
d_i
he_
u_g
key
ay_
Sul
win
ntu
wul
_La
_I",nac,,,ppo,
cab,_un,ft_,,,,,",_i",gur,Mar,ame,ba_,,,alk,
gad,ias,ets,,,,,ad-,Tau,akb,mih,Chi,,,ist,
pír,y_J,t_p,,,,,d-a,_gi,isk,Pil,rep,,,aw_,
íri,a_e,lf_,,,,,lig,ta.,p_n,es_,yra,,,buk,
apa,anu,_gl,,,,,iyu,_Te,Jer,Awr,omp,,,u_p,
y_m,mi_,y_i,,,,,und,id_,?_A,wru,it.,,,gab,
co_,raa,it.,,,,,d._,yag,gog,akk,iam,,,lay,
o_u,ma',hte,,,,,_Ad,"g,_",d_G,"Ka
unu
y_i
ī_p
ngt
e_Y
yne
boo
_G",yla,,,ku.,
_Sa,l_a,o_p,,,,,lim,ail,_'A,Si_,ikn,,,ib-,
zar,gab,oma,,,,,ist,agk,niy,i_A,o_E,,,ek_,
ebl,put,amo,,,,,as.,!_I,tda,ted,odo,,,g-e,
s_J,lha,eft,,,,,rit,"ya,",m_n,",_u",tig,,,all,
can,sim,evi,,,,,hal,_is,n_A,sus,oah,,,mit,
"ad,",udi,wd_,,,,,_ag,igt,_Jo,l_d,edn,,,lka,
s_j,nay,avi,,,,,pab,E_y,n_M,_ko,ah_,,,ihh,
ime,gla,rat,,,,,sum,u_t,tep,mik,tdo,,,eru,
ill,e_a,o_J,,,,,w_u,miy,bit,k_w,is_,,,tuy,
Y_d,"wa,",_vi,,,,,baw,dag,oru,any,i_H,,,pam,
one,lih,,,,,,gli,sun,"lo,",lān,mir,,,lam,
so_,tia,,,,,,aw.,ago,Sar,wen,_Ch,,,ahm,
:_H,_de,,,,,,kai,ind,l_i,gak,"da,",,,ugo,
rim,amb,,,,,,lub,bli,uda,nul,yli,,,Tak,
l_o,log,,,,,,am_,gab,r_s,"Ga
uan
_In
oan
eyn
Ine
sem
ley
g_w
ole
ew,
s._
tus
y_m
ent
lne
tum
unt
kay
gna
lma
len
gis
k._
pāk
sum","Ap
yne",,,mok,
tur,a_F,,,,,,i_b,"au,",un_,,,,,ngl,
_tú,aup,,,,,,it.,nay,y_M,,,,,o_a,
vió,mun,,,,,,Sul,u:_,moy,,,,,"Da
y_g
ayo
sti
tig
Kal
apo
,_n
mmu
h_o
hel
g_t
_po
n_S
nag
sto
_He
ghe",
tó_,oni,,,,,,ylo,gba,go_,,,,,,
ya_,nun,,,,,,min,n_t,taa,,,,,,
re.,nau,,,,,,Jer,an!,aam,,,,,,
lor,i_A,,,,,,May,tna,w_a,,,,,,
pas,am_,,,,,,gpu,o_y,aol,,,,,,
ifi,im_,,,,,,mpl,ren,ko.,,,,,,
mpo,tos,,,,,,Aya,_La,_at,,,,,,
arl,ror,,,,,,nti,ro_,_mu,,,,,,
ich,sit,,,,,,t_m,eko,nur,,,,,,
cid,uga,,,,,,an?,adi,ey.,,,,,,
ued,uko,,,,,,e_n,sik,om_,,,,,,
dem,Kat,,,,,,lok,mpa,"Sa
ngu
l._
bib
yat
d_P
lis
d_A
San
gon
m_e
w_t
tik
_B",,,,,,
_in,ipo,,,,,,"Gi
lah
_Jo
lea
ipo
dug
mab
emp
plo
Uns
eru
nto
_Ga
lap
_ul
ko,
yas
n_t
o?_
mba
gia
kom
ile
Sim
ado
Nak
pay
mih
Nan
Gal
mpo
Mii
m_n
da_
ond
_Te
o!_
Pil
_Is
lem
_Su
gga
Na",g_o,,,,,,,
_oí,yam,,,,,,num,dat,,,,,,,
"ón,",ha_,,,,,,_ya,_Is,,,,,,,
rre,Ano,,,,,,osu,n;_,,,,,,,
eos,i_p,,,,,,osa,imd,,,,,,,
ré_,tlo,,,,,,ind,k._,,,,,,,
_ro,Jer,,,,,,tos,lus,,,,,,,
ies,naa,,,,,,mod,sad,,,,,,,
i_a,ta.,,,,,,"lo,",s_m,,,,,,,
tán,e_n,,,,,,lo.,mpl,,,,,,,
Ped,mit,,,,,,i_A,kir,,,,,,,
y_o,gbu,,,,,,"_""B",Lin,,,,,,,
iem,:_A,,,,,,l_k,tlu,,,,,,,
ibi,kum,,,,,,uto,saw,,,,,,,
ipe,hum,,,,,,"o?""",amb,,,,,,,
olv,",_d",,,,,,Tem,til,,,,,,,
sca,ora,,,,,,a!_,ete,,,,,,,
har,bha,,,,,,nig,_Ga,,,,,,,
rio,rat,,,,,,mbo,usu,,,,,,,
_be,Huw,,,,,,nom,_It,,,,,,,
ó_d,ura,,,,,,tu_,emp,,,,,,,
és_,nhi,,,,,,el_,d_d,,,,,,,
dot,pai,,,,,,._P,tro,,,,,,,
eno,gis,,,,,,gat,_be,,,,,,,
uié,lul,,,,,,Nga,Tem,,,,,,,
ico,"ka,",,,,,,_Ki,plo,,,,,,,
avi,til,,,,,,sti,kum,,,,,,,
d_d,imo,,,,,,._T,eba,,,,,,,
"on,",gti,,,,,,way,Sab,,,,,,,
nía,"li,",,,,,,_it,m_a,,,,,,,
jun,sag,,,,,,tok,a_u,,,,,,,
ueb,dem,,,,,,k_a,wak,,,,,,,
eca,emo,,,,,,agu,se_,,,,,,,
n_n,an?,,,,,,"a!""",nag,,,,,,,
ber,Mar,,,,,,"o!""",ti.,,,,,,,
a_y,"eo,",,,,,,Adl,mo_,,,,,,,
ra.,tup,,,,,,mik,nas,,,,,,,
ile,gsu,,,,,,huk,tu.,,,,,,,
rac,a_A,,,,,,Kas,tag,,,,,,,
ea_,gar,,,,,,_'A,emo,,,,,,,
on:,a_G,,,,,,b_n,Nan,,,,,,,
s_é,"ko,",,,,,,_La,atl,,,,,,,
rei,iin,,,,,,pip,uda,,,,,,,
seo,_or,,,,,,io_,Jer,,,,,,,
nse,ras,,,,,,nug,Sim,,,,,,,
nti,has,,,,,,hom,il_,,,,,,,
oy_,kot,,,,,,oo_,meb,,,,,,,
fic,it.,,,,,,dam,Pil,,,,,,,
os?,_te,,,,,,ggi,"at,",,,,,,,
to.,"lo,",,,,,,o_h,Ban,,,,,,,
drá,dag,,,,,,pau,Kab,,,,,,,
olo,tur,,,,,,m_u,",_t",,,,,,,
Est,io_,,,,,,o:_,pai,,,,,,,
mal,"pa,",,,,,,,ile,,,,,,,
_li,gi_,,,,,,,_se,,,,,,,
lgu,ahu,,,,,,,?_A,,,,,,,
ojo,atl,,,,,,,naw,,,,,,,
enc,Nar,,,,,,,ubl,,,,,,,
Y_v,eru,,,,,,,bra,,,,,,,
e_b,lem,,,,,,,Man,,,,,,,
rab,a_w,,,,,,,umu,,,,,,,
far,nio,,,,,,,das,,,,,,,
eré,gum,,,,,,,",_T",,,,,,,
:_M,nih,,,,,,,l_l,,,,,,,
spu,y_w,,,,,,,aha,,,,,,,
ato,Gal,,,,,,,sto,,,,,,,
rás,ile,,,,,,,"m,_",,,,,,,
_au,"mo,",,,,,,,mba,,,,,,,
ria,nis,,,,,,,lem,,,,,,,
sea,ng.,,,,,,,",_K",,,,,,,
arí,San,,,,,,,Bal,,,,,,,
nue,",_o",,,,,,,d_m,,,,,,,
ntó,a_D,,,,,,,mu.,,,,,,,
Y_é,tah,,,,,,,sub,,,,,,,
ola,"ri,",,,,,,,_up,,,,,,,
"da,","id,",,,,,,,dem,,,,,,,
ení,gut,,,,,,,nyu,,,,,,,
ern,maa,,,,,,,mie,,,,,,,
l_P,nug,,,,,,,ist,,,,,,,
r_s,in:,,,,,,,;_i,,,,,,,
íos,d._,,,,,,,Ika,,,,,,,
did,s;_,,,,,,,nus,,,,,,,
adi,_Jo,,,,,,,l_y,,,,,,,
len,liw,,,,,,,eo_,,,,,,,
_or,ndo,,,,,,,Sas,,,,,,,
_ab,ubo,,,,,,,duk,,,,,,,
ciu,tab,,,,,,,",_G",,,,,,,
lue,Sim,,,,,,,sum,,,,,,,
_Te,hig,,,,,,,dep,,,,,,,
_Cu,igy,,,,,,,_Jo,,,,,,,
avo,_Su,,,,,,,aul,,,,,,,
as;,;_d,,,,,,,t_J,,,,,,,
ués,nul,,,,,,,pe_,,,,,,,
oye,_Pi,,,,,,,yu:,,,,,,,
él.,saa,,,,,,,str,,,,,,,
rep,lea,,,,,,,lea,,,,,,,
:_T,igt,,,,,,,g_C,,,,,,,
mí_,gig,,,,,,,g._,,,,,,,
s_b,dan,,,,,,,_or,,,,,,,
hay,tem,,,,,,,",_B",,,,,,,
nas,emp,,,,,,,l_d,,,,,,,
dej,mpl,,,,,,,nar,,,,,,,
irá,plo,,,,,,,s!_,,,,,,,
"ió,",in;,,,,,,,_Tu,,,,,,,
_ne,o_b,,,,,,,but,,,,,,,
ubi,tna,,,,,,,ebi,,,,,,,
oga,k._,,,,,,,ga.,,,,,,,
"io,",bum,,,,,,,ato,,,,,,,
_ad,niw,,,,,,,ota,,,,,,,
vo_,o_i,,,,,,,Gal,,,,,,,
cue,gna,,,,,,,su_,,,,,,,
Jud,mpu,,,,,,,_le,,,,,,,
pes,sa',,,,,,,bak,,,,,,,
scl,lun,,,,,,,_Ab,,,,,,,
enz,kod,,,,,,,di_,,,,,,,
í_m,t_u,,,,,,,g_E,,,,,,,
._D,p_s,,,,,,,_Be,,,,,,,
ust,bot,,,,,,,",_P",,,,,,,
tec,o_r,,,,,,,gum,,,,,,,
udí,as.,,,,,,,_es,,,,,,,
dío,",_G",,,,,,,esp,,,,,,,
a:_,g_w,,,,,,,git,,,,,,,
lvi,to?,,,,,,,kip,,,,,,,
tuv,t_w,,,,,,,raw,,,,,,,
aut,tu_,,,,,,,aes,,,,,,,
"ta,",ero,,,,,,,Iti,,,,,,,
mig,esk,,,,,,,m._,,,,,,,
"ía,",skr,,,,,,,tip,,,,,,,
pen,kri,,,,,,,in.,,,,,,,
rín,rib,,,,,,,",_S",,,,,,,
eza,ast,,,,,,,lo_,,,,,,,
tim,ya;,,,,,,,ony,,,,,,,
os:,uks,,,,,,,_Ni,,,,,,,
aun,s:_,,,,,,,ait,,,,,,,
Y_h,_Ng,,,,,,,gis,,,,,,,
dia,aun,,,,,,,es_,,,,,,,
ard,kip,,,,,,,up_,,,,,,,
eri,isu,,,,,,,ua.,,,,,,,
lén,pah,,,,,,,!_K,,,,,,,
Jer,._H,,,,,,,mpi,,,,,,,
eda,hit,,,,,,,dil,,,,,,,
bol,m_s,,,,,,,Ald,,,,,,,
a_P,yag,,,,,,,sta,,,,,,,
alo,"ba,",,,,,,,d._,,,,,,,
var,"io,",,,,,,,ora,,,,,,,
u_h,bon,,,,,,,"ka,",,,,,,,
prí,dig,,,,,,,glu,,,,,,,
ínc,ngd,,,,,,,igs,,,,,,,
bas,hab,,,,,,,kes,,,,,,,
ied,",_b",,,,,,,an;,,,,,,,
gui,ke_,,,,,,,et_,,,,,,,
sid,tub,,,,,,,tia,,,,,,,
l_v,tit,,,,,,,"mu,",,,,,,,
Qué,nya,,,,,,,Mae,,,,,,,
ún_,ent,,,,,,,?_P,,,,,,,
o_é,gtu,,,,,,,el_,,,,,,,
vis,maw,,,,,,,rat,,,,,,,
"is,",Sum,,,,,,,dug,,,,,,,
ira,_Ak,,,,,,,",_b",,,,,,,
_ya,us.,,,,,,,"ng,",,,,,,,
tú_,ham,,,,,,,tku,,,,,,,
_oj,om_,,,,,,,_He,,,,,,,