Masbateno,Tuwali-Ifugao,Yami,Cebuano,Ilocano,Ivatan,Kapampangan,Pangasinense,Tausug,Yakan,Bikol,English,Hiligaynon,Spanish,Tagalog,Waray
an_,an_,_a_,ng_,ti_,_ka,ng_,an_,in_,_si,an_,_th,ng_,_de,ng_,an_
_na,_na,o_a,ang,iti,an_,ing,ay_,iya,si_,_sa,the,_sa,os_,ang,nga
_sa,nan,na_,sa_,_ti,_na,ang,_na,an_,an_,_na,he_,ang,que,_sa,_ng
na_,ya_,_na,_sa,_a_,_a_,an_,_to,_ma,_pa,ng_,nd_,ga_,ue_,_na,_ha
_ka,_di,an_,_ka,_it,a_a,_ka,_si,_si,ang,_ka,_an,sa_,de_,sa_,ga_
sa_,ana,_am,ga_,_ka,_ma,_na,_ta,_in,in_,_ni,and,_ka,_y_,_ka,_hi
_ma,_ya,_ka,an_,_ma,no_,at_,_sa,ang,_du,_an,_to,nga,_qu,_an,han
_an,_da,_ma,nga,_ke,o_a,_in,en_,_ka,_ma,ang,to_,_na,el_,iya,_an
_si,di_,ng_,_an,agi,na_,g_m,_ma,sin,iye,na_,_yo,_ng,los,_si,_ka
san,_hi,do_,iya,_da,do_,_ma,tan,_ni,_ka,_ma,you,_si,_en,at_,ha_
_pa,n_d,_do,_ma,ada,_o_,_ki,d_s,niy,ne_,_si,d_t,_ma,_el,_ng,_na
iya,_ka,_ta,_ng,an_,a_n,kin,_a_,_na,iya,sa_,_hi,_an,es_,g_m,iya
a_n,ang,so_,_na,git,_do,a_k,ed_,_ha,_me,iya,ed_,a_s,_lo,_ma,a_h
a_s,ay_,no_,_si,nga,aya,ung,_ed,ya_,me_,nin,_he,nag,_di,ay_,gan
ya_,ada,ang,on_,dag,_si,_at,nen,nga,hin,in_,_of,san,_a_,_at,_ma
ga_,_an,am_,a_m,ana,_no,na_,ray,_pa,uk_,n_s,ing,an_,_la,ga_,n_n
on_,on_,_o_,ug_,ang,a_d,ala,ara,man,ain,n_n,of_,ag_,as_,na_,on_
n_n,_ma,_ni,_ug,a_a,a_s,g_a,_ka,n_m,duk,ga_,is_,on_,_es,ina,hin
nag,_ta,a_n,a_s,na_,o_k,ana,na_,ng_,ye_,n_m,e_t,mga,",_y",",_a",_pa
a_m,dan,ana,a_k,_na,_ni,_la,ang,"a,_","n,_",a_s,en_,_mg,do_,ala,a_n
mga,ah_,_no,g_m,_ng,_da,_ya,man,_hi,_iy,ind,ll_,la_,"s,_",a_k,mga
_mg,un_,o_n,_pa,ni_,_di,nan,ika,ha_,nin,sin,_wi,a_i,s_d,ani,_mg
_ni,hi_,_so,kan,_ni,_as,_pa,_la,ga_,han,ina,_wh,ala,_co,kan,ya_
ag_,n_n,o_t,_ni,ga_,ya_,g_k,n_a,a_s,ina,nag,at_,a_m,_Y_,ila,in_
n_m,_mu,_si,mga,_pa,_am,la_,et_,a_i,n._,a_n,e_w,_pa,ndo,_mg,n_m
a_a,nad,a_a,_mg,a_n,as_,_ni,ala,n_h,we_,mga,_be,a_n,"o,_",mga,a_i
n_s,n_h,_da,ya_,et_,a_m,nin,_da,n_s,aka,_mg,her,kag,no_,niy,ang
a_k,n_m,a_t,ila,da_,aka,ya_,ad_,_ta,_ba,kan,re_,aga,en_,_ni,o_h
ay_,_ke,nga,ong,en_,ata,lan,sik,a_k,uwa,ong,_sa,g_m,est,a_n,ay_
a_i,da_,a_m,ing,ken,apa,a_n,_ya,ila,ng_,ya_,ou_,_gi,_se,an_,a_a
ara,tag,tao,ala,kad,am_,ari,_pa,ban,n_s,_pa,er_,ing,la_,a_a,n_h
o_s,a_n,o_k,ana,aka,ia_,_di,ana,hi_,e_s,a_a,_ha,ay_,_le,a_s,a_m
kag,ina,n_n,a_n,a_t,n_n,man,on_,a_m,ban,_ta,ng_,a_a,._Y,y_,_ni
od_,kan,ing,la_,i_a,_pa,_a_,_in,iyu,_Is,aka,n_t,a_k,e_e,nga,ira
ni_,man,ao_,a_a,a_k,_ta,rin,so_,n_k,i_I,ara,him,iya,e_l,_pa,_iy
_gi,ot_,man,ay_,_ta,en_,_da,_so,amu,Isa,_da,_in,ila,ra_,t_s,n_i
o_n,na_,a_k,n_s,ay_,_so,_ba,"o,_",ung,_we,nda,hat,o_s,_ha,ing,o_n
aga,agu,ay_,_gi,pan,a_o,g_p,awa,pa_,_sa,sai,",_a",gin,ent,_ay,ara
gin,nga,da_,_mi,a_i,_sa,kar,_ra,a_n,nga,n_k,ut_,o_n,ien,ong,ra_
nda,_ha,en_,ani,i_J,sia,tan,aka,un_,_ne,a_k,_no,n_s,e_d,nan,iri
aka,_ot,_ji,n_n,ket,ta_,aka,oy_,mu_,n_d,man,as_,_ni,o_d,g_s,ana
mo_,ke_,ara,o_s,man,ara,din,n_t,kan,_aa,a_m,e_s,mo_,ado,g_k,aka
sin,_Je,a_d,ngo,nna,ang,a_i,y_a,tau,in.,ni_,ere,n_n,_no,apa,ng_
ind,n_a,ta_,pag,aga,so_,yu_,_Je,na_,siy,ing,",_""",ya_,_po,abi,ata
man,ali,a_s,tan,nan,ana,kan,sus,n_n,aha,nga,o_t,sil,on_,ata,mo_
ang,aka,o_m,ako,_Je,o_n,_me,to_,la_,"e,_",i_J,or_,_in,end,_At,ni_
n_k,ata,_ra,od_,_sa,o_m,kay,ya_,u_i,"in,",ako,his,g_i,ier,At_,n_p
_iy,Jes,ani,_ta,"a,_",da_,gan,Jes,_sa,e_m,aga,t_t,g_s,o_e,t_n,n_k
da_,yu_,ran,a_t,sus,ava,u_k,esu,aka,ya_,ala,ill,ni_,_pa,nag,pag
a_p,esu,iri,a_p,_ag,sa_,n_n,n_n,_da,_ta,gan,in_,g_n,le_,lan,a_k
ina,sus,ni_,pan,una,o_d,g_b,ama,siy,_in,yan,ve_,_ta,s_e,n_n,ako
ata,n_t,_Am,iin,Jes,nio,_mi,nan,a_h,gan,asi,ey_,a_p,_ma,"a,_",n_a
_ta,nah,rin,nan,esu,n_d,ayu,sar,_ba,ku_,on_,not,_iy,_su,ya_,a_t
ana,n_k,yan,ni_,nag,n_a,g_t,_an,han,amb,_Je,e_a,sin,ero,aga,ing
ako,in_,nyo,lan,nak,ra_,_ta,_ne,_am,ai_,sus,_on,lin,con,pag,gin
pag,us_,ya_,usa,ina,ay_,_Je,ng_,Īsa,wa_,n_a,hey,ako,"a,_",sin,nag
n_a,at_,_to,_Je,a_m,_an,nga,a_t,_Īs,e_k,Jes,on_,a_t,re_,y_n,",_n"
_di,day,yo_,siy,i_p,o_s,_ku,ak_,aun,mag,esu,tha,aka,ron,man,_ak
amo,_in,si_,ini,no_,a_k,sus,n_s,sa_,nen,_as,_fo,ags,_al,asa,sus
i_s,ng_,_pa,han,n_a,ira,_ke,a_a,aga,",_""",dan,for,_ba,ijo,a_i,hiy
apa,iya,a_o,a_i,a._,man,yan,ira,_la,nde,o_n,s_a,pag,a_l,g_i,to_
n_i,en_,_Ma,g_k,ak_,ina,ata,n_m,iba,sa_,o_s,es_,kon,e_a,aki,kon
_in,ida,aka,g_s,apa,s_k,esu,aga,a._,e_a,abi,"d,_",amo,an_,._A,tan
yo_,kay,ira,sus,yo_,o_p,Jes,ag_,a_t,kaa,ay_,me_,mag,e_s,a'y,amo
i_n,ayu,_ny,o_n,ayo,kap,"a,_",_ag,au_,pai,o_a,hen,_ak,"os,",yan,"a,_"
os_,nay,i_Y,Jes,i_k,io_,ama,ey_,ata,ini,ini,_wa,man,n_e,siy,_Je
o_k,_pa,n_a,esu,o_a,kan,abi,a_s,nil,aam,ko_,"m,_",od_,sta,ags,g_h
to_,_ad,kan,g_n,kay,_ko,ara,kay,awa,ahi,siy,aid,sia,s._,nil,na_
aba,diy,a._,i_J,dak,nga,g_s,"a,_",yu_,aa_,",_""",ave,ata,por,ama,Jes
siy,mun,ake,_di,i_m,mo_,us_,_di,ku_,nan,g_n,ot_,_Je,tro,_ba,esu
niy,a_y,_Ye,dto,ala,o_t,asa,eng,ara,nne,i_n,wil,a_g,te_,"o,_",hi_
li_,a._,nir,niy,n_n,i_J,ina,n_i,n_p,e_d,amo,e_o,"a,_",a_d,aka,ini
_ak,adi,_ya,nag,asa,ni_,aya,aba,aya,a_s,a_p,sai,ili,se_,ali,dto
sab,pu_,_jy,n_k,kua,s_a,eng,ali,aba,ala,da_,hem,a_b,and,ana,_ta
_Je,_yu,pan,to_,ann,_Je,ita,uan,n_i,n_m,ndo,one,yo_,o:_,a_m,iyo
o_a,"y_""",jya,nak,ta_,nak,a._,a_n,_ku,uha,si_,d_h,Jes,res,g_a,_gi
sus,dah,Yes,a_u,n_t,_ay,g_d,",_""",yan,_ga,sak,_we,esu,s_l,"n,_",i_J
ala,gun,o._,aka,i_n,o_o,_sa,may,mag,ata,g_m,_a_,sus,_vi,t_,od_
n_p,Apu,eso,ayo,aya,ato,inu,nga,ta_,_Pa,gad,s_t,i_J,o_a,gka,_ba
",_""",ak_,ra_,man,inu,n_s,a_a,ina,_ib,_la,ot_,id_,tan,s_p,agk,ala
i_J,gan,sir,yan,i_t,awo,_mu,yan,a_d,ani,asa,who,bal,dij,in_,kam
Jes,_Di,to_,gon,a_d,Jes,a_m,_yo,ani,_bi,tan,se_,g_a,or_,ayo,i_n
esu,ulu,ma_,g_a,ami,esu,nak,_ir,i_Ī,tan,kam,_is,",_""",dos,a't,_di
ko_,_Ap,ji_,",_""",_ad,ano,a_l,ayo,n_t,a_m,mag,e_h,ana,nto,nyo,rin
asa,pan,aci,_ba,_ba,sus,n_k,o._,wa_,_Ma,a_d,The,aba,era,ari,_in
ta_,n_y,ong,ata,to_,taw,g_J,ngg,g_n,man,g_s,thi,nyo,s_c,la_,",_"""
ayo,lan,mey,g_i,di_,ari,apa,in_,tan,",_p",niy,"s,_",ia_,_to,g_p,kan
nak,a_m,_ko,na_,aba,ahe,ku_,pan,ud_,e_p,"o,_",".""_",ina,_mu,iny,ags
aya,".""_",ano,kam,o_t,a_p,pan,a_m,asa,aan,han,ne_,agp,;_y,aha,ina
in_,n_i,o_d,g_g,o_k,",_""",ban,ale,n_b,_ku,"a,_",_Je,ini,_un,o_a,niy
lan,a_a,ata,ko_,awa,a._,da_,ata,pag,_pi,ta_,_Th,gpa,cie,g_n,a_b
a_t,te_,ala,o_k,nun,"a,_",ali,n_J,_Na,i_s,aro,"e,_",taw,"e,_",hin,man
ama,uwa,Man,ka_,ara,ri_,_al,inm,sab,aku,ad_,_I_,ali,s_s,uma,_ti
mag,han,aha,mo_,us_,nan,g_i,kua,tu_,nak,a_t,d_a,iny,al_,awa,sir
nga,ios,mo_,si_,day,ake,bat,od_,nan,ari,ags,f_t,",_k",dic,pan,awo
abi,Dio,"am,",amo,i_s,par,tun,aya,n_d,am_,ata,_co,awo,bre,mag,inm
ali,dak,n_d,us_,toy,a_t,aki,_ba,aw_,".""_",aiy,e_c,apa,e_h,_ak,nan
dto,wan,wan,taw,em_,awa,g_l,n_d,_di,kan,aha,_do,ka_,par,yon,hir
iyo,uh_,"m,_",a_b,i_d,kav,tin,bal,uha,u_s,_Na,_it,o_a,_si,",_n","n,_"
tan,u_D,o_j,ili,i_b,in_,_ne,kat,"Na,",agu,a_i,ent,si_,lo_,bi_,"o,_"
han,hiy,ko_,ag_,_in,vat,_e_,",_t",",_""",ama,sab,o_h,us_,_Je,ito,taw
d_s,iye,o_i,_iy,san,._A,n_d,lan,u_m,_de,ada,th_,d_s,_sa,o_s,ko_
aki,tat,n_s,nin,ama,rin,ian,too,ab_,ana,ai_,was,ko_,del,i_n,a_p
kay,n_J,nan,awo,gan,pan,bal,ato,aku,i_m,ain,ter,isa,_cu,ndi,at_
a_g,_bo,i_A,_ak,._N,ko_,ta_,ant,a_p,_da,mo_,an_,g_k,o._,_la,aba
kam,e_h,gay,_ki,ata,_mo,mak,yo_,kam,e_b,ki_,us_,kam,_él,san,adt
ro_,ta_,",_""",a_g,ita,dia,eka,san,u_k,._P,lag,_ca,o_k,_te,di_,yo_
ili,os_,apa,g_p,kan,tan,iba,at_,ay_,un_,_in,_ma,i_n,s_a,n_a,d_h
a_d,ngi,Ama,li_,may,cha,alu,ta_,_mu,bi_,_ba,_se,imo,aba,_in,mat
si_,_mi,o_p,ali,uan,".""_",a_d,gga,_Tu,de_,aya,our,ulo,_ve,on_,_Na
apo,ung,g_a,kon,aki,_As,n_a,o_a,"u,_",_Tu,o_k,ho_,ta_,otr,t_a,_ko
nan,a_k,_me,kin,apu,ro_,_i_,us_,_tu,gge,abo,it_,i_s,n_l,nab,aw_
taw,_te,pey,sil,aan,mak,aba,ari,"ya,",tin,og_,ith,t_s,ros,_ta,t_h
aha,ama,i_n,imo,_di,os_,ani,y_m,_du,n_p,nan,om_,kay,a_s,n_s,nak
_la,did,._M,"a,_",a_p,_ya,_yu,asa,ayn,e_n,apa,esu,ama,y_l,isa,i_h
ra_,e_d,nak,aha,ayt,di_,nya,y_t,ari,_pe,_Ka,r_t,s_n,s_q,kin,_la
g_s,ipa,o_o,adt,_si,aw_,ad_,a_r,nag,ew_,ka_,Jes,"o,_",_re,gay,_bu
ags,_tu,".""_",ita,_ki,yan,it_,gan,day,ine,ana,sus,ayo,nte,aba,mag
_ba,t_k,o_s,gan,nto,to_,t_n,apa,Tuh,ali,_ak,are,_il,ara,_hi,ri_
ani,aba,g_s,ta_,_id,avo,anu,o_t,u_s,pan,awo,_me,pan,",_d",han,us_
g_n,apu,ken,_us,dda,pay,ne_,_In,_bi,ind,i_s,_di,lan,a_e,a_p,di_
".""_",uma,a_j,nyo,ng_,aha,nen,_on,law,Tuh,n_p,t_a,ndi,e_c,yo_,o_a
ita,a_i,tan,n_a,tan,va_,lin,sak,ali,guw,"n,_",ome,bat,_pr,g_t,-an
a_b,i_k,g_n,iny,tao,asa,tau,ake,a_l,_Sa,g_k,_al,di_,e_t,aya,awa
a._,ila,_an,yo_,o_i,s_n,sab,kar,"n,_",sab,os_,",_t",n_k,Jes,gan,n_t
o_m,kal,yak,g_t,kin,As_,u_n,_am,yn_,gai,_ko,_re,aha,esú,kay,_ir
"a,_",wad,mac,o_a,enk,ian,i_n,_ni,ala,i_k,do_,t_h,"n,_",sús,gsi,ato
kon,itu,ipa,ahi,"o,_",us_,t_k,nto,_ya,asa,taw,wer,g_p,las,ara,n_b
ero,._H,asa,ama,gem,may,kek,ane,nak,e_t,us_,_so,nak,les,ind,imo
at_,od_,kap,n_u,ung,hen,ila,si_,ana,mba,dai,eve,o_m,hab,ita,ot_
mat,tud,._A,ung,na.,dir,aga,lay,a_b,pin,Nag,e_f,gsi,_mi,tin,gad
_Pa,pun,ten,_mo,lan,dan,_Ka,sia,_su,uwe,aba,out,wo_,ía_,_da,nma
ng_,ini,m_m,aw_,ari,gay,ak_,"n,_",amb,"a,_",pag,wit,ung,a_m,nak,aki
ung,_wa,ate,asa,o_n,wo_,mu_,nma,bay,jar,ban,ear,to_,o_l,ung,a._
bat,un-,ri_,sul,",_""",kay,u._,y_k,a_a,_ni,n_d,all,g_t,to_,gin,",_k"
par,ong,i_a,n_m,oy_,i_a,_de,da_,n_a,n_b,aw_,d_w,_ko,ell,g_b,ali
ini,nal,a_r,nil,_Na,map,uan,n_k,amp,aya,s_n,ad_,ot_,rqu,o_n,ton
_ku,i_m,cir,_ko,o._,n_k,"u,_",_ak,al_,n_k,aki,be_,aki,is_,g_l,san
atu,ol_,ina,_la,._I,ant,sal,a_k,u_n,a_p,nab,d_s,ind,orq,_is,asa
imo,a_o,_mo,a_d,mak,s_d,aku,"to,",ama,en_,lin,ow_,ngo,_ca,ya',tin
us_,a_d,aza,awa,_la,si_,san,a._,gka,and,lan,com,nan,_fu,uwa,s_h
_Na,mu_,ori,uba,n_k,ka_,_an,ra_,_Sa,Man,a._,ur_,n_a,o_q,sab,_da
uha,n_b,n._,a._,".""_",o_v,u_i,iba,mpa,anj,agt,im_,ro_,",_q",a_b,ndi
a_l,_im,awa,_da,",_n",nti,atu,la_,mbu,nja,agk,_ar,_An,fue,pin,y_n
kat,a_h,_or,g_b,i_i,aro,t_m,".""_",n._,ri_,i_k,s_s,mak,o_s,o'y,uha
_Di,tan,y_n,yon,at_,pa_,_Ma,_Di,ula,_su,"s,_",t_i,Ang,e_m,y_s,agp
s_n,-an,ita,ot_,_am,awr,kit,nsa,ayt,ge_,sar,ver,god,uer,y_m,n_d
awo,u_y,kar,"n,_",bag,nay,met,y_s,",_a",ell,",_a",n_h,na_,tra,sil,ta_
_da,ala,ima,nya,sin,wri,_it,n_y,bab,_ak,"an,",ay_,at_,ces,ini,und
"o,_",ha-,mak,iha,ao_,chi,_ri,isi,yta,em_,uli,nt_,may,mbr,nin,"an,"
ot_,kon,gan,aro,kas,_ar,lag,mpa,ya.,aba,ron,_wo,wal,a_c,tan,uma
n_g,ahi,_ci,ulo,"._""",gan,pat,say,uk_,_mi,o._,"im,",_Sa,_he,ni_,agt
as_,_ki,Am_,itu,n_d,nat,_In,_ko,kaw,isa,_ki,hav,dto,ino,_it,a_s
dil,a_t,ika,ron,in_,ran,i_k,bat,g_h,_ti,".""_",y_t,a._,ro_,"an,",ray
sad,udu,m_a,wo_,eng,voy,al_,ung,lan,_am,li_,e_d,ero,esp,oon,gsi
un_,uy_,a_y,n._,nge,_mi,etu,let,"an,",yaa,",_n",e_b,ton,su_,ko_,ada
aw_,aya,ro_,mah,nku,wan,n_m,nku,at_,ab_,apo,oth,ita,man,ati,aha
agk,a-o,kat,_bu,",_k",ken,are,kas,uun,inn,od_,hea,aw_,llo,n._,".""_"
kun,i_t,"""_M",g_u,gar,y_n,a_r,ing,kat,ngk,ran,t_w,_is,com,ngi,n._
_Ka,aan,ka_,o_u,"na,",naw,ela,ran,dtu,lan,iha,_as,han,",_s","i,_",t_n
kit,nom,_Ta,ag-,ngi,m_n,nun,y_d,aha,e_i,ili,ath,".""_",tod,a._,apa
t_s,tak,nim,aki,yto,han,n_y,abi,u._,as_,a_b,ame,g_g,",_l",_ku,it_
agp,mak,a_p,ban,ags,amo,uli,oto,tuu,apa,_ha,e_i,_Na,ntr,ako,ahi
ano,ngu,map,".""_",adi,mna,e_k,aan,_mi,pī_,as_,t_o,_la,cua,i_J,pak
adi,_ni,han,ina,sa_,_vi,n._,ila,._N,al_,an.,st_,_wa,ant,nas,_sa
iha,hod,_va,i_s,_Di,ti_,iti,kan,gaw,i_p,mon,_fr,id_,",_p",ka',gpa
_ko,_um,lam,o._,nda,ios,_si,o_n,ubu,_ha,pin,s_w,g_b,_ho,i_s,Nag
ulo,aku,rar,inu,a_s,ng_,pam,to.,In_,pag,bi_,ple,ban,_ci,sus,n_g
s_s,idi,aw_,uha,n_i,n_m,e_n,_pi,di_,e._,n._,man,ong,lla,bag,ama
no_,_ba,o_r,_ti,nia,ini,_ng,ine,".""_",niy,uma,_bu,gid,n_a,gag,Gin
awa,ok_,ak_,nah,uma,_Di,",_a",key,sil,ey_,kai,red,yon,_so,_Je,ka_
gka,tuw,y_a,agp,y_a,ma_,._I,_mo,gan,i_i,_al,_te,mat,_pe,apu,abo
di_,",_m",nao,gpa,ani,Dio,kal,gaw,i_n,ann,gsa,n_a,n._,ido,aan,._N
n_t,n_A,._T,dil,ant,ey_,._N,_im,awn,_pī,n_i,le_,ahi,s_h,kun,ita
mak,_Ha,pa_,mag,wan,ako,ka_,nak,ina,du_,_ga,n_o,niy,_vo,tap,s_n
n._,u_t,nya,og_,pay,o_i,_Di,d_k,wn_,_ke,t_n,d_b,_tu,a._,ami,mak
may,imm,iny,wal,ays,_va,n_i,lin,ra_,a_k,bih,s_o,os_,e_p,ibi,wo_
ag-,yan,_ar,nii,bal,kad,kap,ami,lau,ung,ama,ive,agk,e_v,lin,o_k
nam,yun,amo,_Di,t_n,ino,_nu,y_p,u_h,a_d,un_,_pr,_im,a_q,ula,"s,_"
pos,bal,a_i,_ga,idi,kar,._M,ton,g_s,_te,ato,",_s",kit,des,ta_,ngo
ad_,i_p,an.,mak,gba,n_o,g_n,tot,an.,egg,g_a,_de,a_l,ere,lal,inu
_ga,_ah,i_o,ipa,ysa,din,li_,ita,_ki,at_,ura,g_t,ari,_me,ino,sa_
i_k,hid,._S,d_s,asi,o_D,utu,no_,ak_,._S,gka,e_m,ati,nta,aon,nah
gpa,ntu,eyn,uta,aw_,ori,ti_,"s,_",uud,ga_,_di,And,atu,jo:,wa',_tu
_ha,mat,nge,-an,ali,kat,nu_,ulo,hin,a_n,n_t,_An,abo,a_t,_ko,ngl
o._,s_a,ya.,ika,min,ngo,s_k,ngi,apa,uma,n_b,had,ag-,a_p,a_t,ung
gan,lug,anc,an.,att,_ak,in_,bag,_pi,mbu,s_s,rom,Nag,sto,ili,gka
adt,_pu,ama,kay,tat,nia,e_i,nya,aan,ate,_ku,._T,uta,s;_,upa,kay
god,nil,ngo,mon,i_A,a_y,sin,toy,abu,bin,i_t,s_h,lo_,_pu,"ya,",ag_
gay,n_p,m_n,g_d,dia,y_d,_Ng,sal,yaw,k_m,_mo,d_i,_bu,os.,si_,kit
pa_,ngn,akm,tin,add,ach,kat,kin,n_T,anu,._A,"n,_",nah,"n,_",pat,hat
ton,hin,ono,gay,tay,adi,kas,a_p,_Ma,sin,_la,ord,n_m,omb,_bu,asi
d_n,_ti,._O,aba,nap,nge,lak,y_i,ing,lai,ag-,_go,gan,nos,Jes,a_d
._P,-on,sya,a_l,on_,ong,pa_,aki,awm,san,san,ers,nin,oso,"s,_",_su
pak,lin,noy,_wa,i_D,yen,mun,lab,uuk,ale,iri,hin,gka,ién,a_l,os_
n_d,_Ka,rah,abo,tta,_pi,i_J,o_r,da_,._M,ano,"r,_",Gin,aqu,esu,dir
gsa,ako,_ip,._A,_me,y_a,_tu,_ki,_wa,ak_,ari,m_t,s_s,._E,_pi,a_l
Gin,d_d,ci_,mii,kit,api,u_a,",_a",",_i",i_d,agd,fro,_Ka,_ti,sal,may
y_n,u._,_O_,apa,s._,ama,a_p,_Ka,._S,miy,hul,but,y_n,mo_,t_i,ian
kad,h_d,ota,agk,met,kam,Nga,sin,bun,"ne,",ani,e_p,ani,a_a,hat,usa
_su,_pi,cya,hat,ram,apo,"n,_",t_s,_Pa,a_i,yo_,ven,._S,ios,_mo,ika
_am,dam,oyo,agh,ida,m_m,ran,"an,",unu,ant,kak,"em,",o._,él_,puw,buh
_Sa,pul,ahe,._U,s_k,ani,rel,min,uwa,n_a,ag_,_ou,gap,us_,tao,_im
asu,-ap,aya,kit,_im,kak,mag,a_l,ita,dem,nas,y_w,pa_,rá_,it_,_Gi
war,mma,_ik,lay,t_i,iak,ri_,._I,ngk,pat,ibo,ght,tag,str,isi,agk
wo_,nat,in_,_in,o_d,oya,a_y,t_n,",_s",k_p,t_s,les,in_,_aq,_ga,la_
pat,na.,aro,_An,pag,ayt,awa,mba,uli,ara,kon,est,_am,ser,t_m,aya
i_a,utt,ey_,ari,lin,ono,._K,g_t,kiy,te_,o_m,"t,_",a_d,_os,t_k,bat
o_p,uwe,na.,o_m,mat,sir,bia,n_p,isa,kit,kat,_li,ada,ues,to_,g_n
"s,_",ing,vaz,ton,iak,ot_,api,a_i,pan,mak,bag,ld_,y_s,y_d,kas,n-a
sur,i_n,yon,bot,ios,wa_,an.,_li,agb,ite,isi,em_,int,e_n,tay,_ig
ios,gng,san,agt,Dio,es_,"s,_",met,ug_,us_,par,rea,n-a,ici,wal,war
ato,ibo,wak,gka,ika,ota,g_e,._N,mat,kew,hay,_st,_Si,adr,kit,y_h
an.,_ku,oma,nsa,dal,pak,as_,o_s,atu,ami,tin,ose,anu,dre,;_a,an.
nin,y_k,mya,n-a,_no,vah,ula,asi,agp,_na,nap,",_b",_Di,onc,"bi,",o._
"n,_",ona,gen,ha_,dan,asi,g_D,ga_,biy,_pu,_pi,whe,gsa,nce,g_d,_ki
yod,bon,ao.,_su,i_l,i_n,t_i,n._,_is,_ng,ram,ate,adt,s_m,_lu,ran
ada,et_,m_o,Ang,o_m,kas,lal,y_n,adt,gka,agh,do_,awa,jo_,_An,lan
ila,ad_,yam,"o,_",t_k,sin,ra_,Dio,uku,kal,may,e_y,uto,o_p,sis,no_
ins,mal,kma,bal,a_b,_to,nit,ios,buu,"an,",n_g,e_l,asa,dad,lag,agb
ka_,oy_,cit,i_k,int,pin,yun,nge,kal,kat,_Da,",_w",pat,"es,",agp,gli
kas,gge,Ta_,_Sa,"_""A",o._,t_d,o_m,u_d,n_i,ulo,ly_,dal,",_e",as_,_ku
Dio,aga,eng,tub,t_t,od_,nab,g_n,wm_,_is,hil,_si,kat,_ll,mat,ag-
n_b,dat,zay,as_,imm,vin,bi_,iad,mak,aki,kun,kin,-an,aro,ipa,"""_N"
uga,abu,y_d,ult,gpa,raw,nam,d_a,ham,"ye,",s_a,._A,i_k,da_,ngg,da_
uan,pat,kak,os_,gsa,_Am,s._,mak,_In,yan,ahi,use,ios,ste,_Sa,o_m
bi_,-in,_So,san,agt,non,ati,_bi,",_l",u_i,ali,d_o,agh,o;_,_ib,kak
hal,u_n,nip,sab,agb,"ia,",ios,apo,_ak,aga,g_i,r_a,agt,y_e,mak,ugo
pan,_am,jir,ios,aen,_Ma,ili,n_e,uma,kas,._N,",_h",no_,ta_,may,gat
uru,id_,sa_,Dio,da.,_om,Dio,wan,uga,kah,i_a,m_a,pam,o_t,s_n,_bi
t_n,din,No_,_Un,ten,dim,_ti,lap,li_,den,nak,say,Dio,ará,o._,lin
usa,ale,jin,ato,ipa,ich,iwa,apu,ini,nun,pan,wor,gas,a_v,aw_,as_
ati,aly,nci,i_n,iay,oh_,_pi,i_J,tay,ut_,"us,",od_,asi,cho,nam,yan
yan,g_n,o_c,_un,ing,isi,ap_,_Ma,miy,lum,An_,_ho,_su,sot,kap,kat
Kay,gu_,So_,_Si,gap,a_i,ipa,",_i",ngu,en.,_gi,_lo,"g,_",o_c,big,a_g
ari,gul,o_y,buh,ag_,tah,._A,ian,ima,mon,._K,"er,",as_,_ta,gsa,tun
nab,t_m,kwa,Uny,mba,",_t",lat,ngn,kab,",_s",_Di,_So,",_n",l_c,t_p,lit
sug,ey_,_sy,tag,._K,mia,mal,_no,mar,_bu,inu,_Wh,_bi,ond,ano,pan
Nag,ih_,yng,lo_,y_t,t_d,_bi,ud_,as_,lew,_hu,_sh,sug,un_,_iy,._K
agt,y_a,ane,mat,ka_,"o,_",s_a,t_a,",_m",g_s,ayo,rd_,"""_S",ton,_ti,yos
agh,hay,kam,lti,as_,abo,_ul,and,sal,a_b,"i,_",e._,d_k,ten,y_i,Dyo
s_k,tut,cin,git,mma,oma,mat,._A,mun,Sag,iba,s_i,_di,uan,kat,ulo
._K,d-a,ape,kad,n._,i_d,ale,gne,san,tu_,bot,_He,asu,_Ma,iyo,_Dy
ago,yen,ako,ula,_an,mar,_lu,_wa,n_l,"n.""",_Ma,_fi,kal,éis,ban,kin
tap,ani,_pe,gad,ili,m_a,"an,",wal,agu,agt,dum,e_g,_Ma,ert,agi,ad_
iri,Kan,i_m,_tu,mai,ak_,_pe,pud,u_a,ka_,sip,dis,"la,",ran,_al,n_s
g_m,ug_,o_v,_ar,aku,w_a,"na,",a_y,ndu,kka,gin,igh,ano,ndi,_tu,kab
ak_,nak,ava,._S,"n,_",ovo,k_n,er_,ahi,k_s,ios,_br,_Gi,ió_,rit,ins
_Gi,s_y,to.,Ug_,s_i,pia,a_t,k_n,kit,tey,a_l,r_h,sul,tar,gal,uga
idt,nda,g_d,gha,uad,oyo,",_i",ban,u_p,ehi,agp,_my,"an,",hom,mal,i_a